Policy Type Name,count,sum,average,min,max,gender,age,attribute_value
Annuity(Annuity Certain ),374,200,0.53475935828877005348,0,16,1,18-22,APL Number of LOAN
Annuity(Whole Life Annuity With Guaranteed Installment ),15,7,0.46666666666666666667,0,5,1,18-22,APL Number of LOAN
Cancer,9492,0,0E-20,0,0,1,18-22,APL Number of LOAN
Dread Disease T.L.,56,0,0E-20,0,0,1,18-22,APL Number of LOAN
Dread Disease W.L.,1170,547,0.46752136752136752137,0,12,1,18-22,APL Number of LOAN
Endowment,265,78,0.29433962264150943396,0,15,1,18-22,APL Number of LOAN
Female Disease,33,0,0E-20,0,0,1,18-22,APL Number of LOAN
Inc. Dec. Term Life,1,0,0E-20,0,0,1,18-22,APL Number of LOAN
J.M.I.P,4,0,0E-20,0,0,1,18-22,APL Number of LOAN
Joint life,11,1,0.09090909090909090909,0,1,1,18-22,APL Number of LOAN
Joint life(Flexible),56,1,0.01785714285714285714,0,1,1,18-22,APL Number of LOAN
Juvenile,490,323,0.65918367346938775510,0,18,1,18-22,APL Number of LOAN
Medical,24202,109,0.00450376001983307165,0,7,1,18-22,APL Number of LOAN
M.I.P,651,0,0E-20,0,0,1,18-22,APL Number of LOAN
Nursing care,10,0,0E-20,0,0,1,18-22,APL Number of LOAN
Term life,2183,39,0.01786532295006871278,0,7,1,18-22,APL Number of LOAN
VL Endowment,10,0,0E-20,0,0,1,18-22,APL Number of LOAN
VL Whole life,300,0,0E-20,0,0,1,18-22,APL Number of LOAN
Whole life,9723,3528,0.36285097192224622030,0,25,1,18-22,APL Number of LOAN
Annuity(Annuity Certain ),342,124,0.36257309941520467836,0,10,2,18-22,APL Number of LOAN
Annuity(Whole Life Annuity With Guaranteed Installment ),9,1,0.11111111111111111111,0,1,2,18-22,APL Number of LOAN
Cancer,5863,0,0E-20,0,0,2,18-22,APL Number of LOAN
Dread Disease T.L.,48,0,0E-20,0,0,2,18-22,APL Number of LOAN
Dread Disease W.L.,816,268,0.32843137254901960784,0,14,2,18-22,APL Number of LOAN
Endowment,290,132,0.45517241379310344828,0,15,2,18-22,APL Number of LOAN
Female Disease,3710,0,0E-20,0,0,2,18-22,APL Number of LOAN
J.M.I.P,2,0,0E-20,0,0,2,18-22,APL Number of LOAN
Joint life,4,0,0E-20,0,0,2,18-22,APL Number of LOAN
Joint life(Flexible),23,1,0.04347826086956521739,0,1,2,18-22,APL Number of LOAN
Juvenile,406,398,0.98029556650246305419,0,15,2,18-22,APL Number of LOAN
Medical,27549,71,0.00257722603361283531,0,7,2,18-22,APL Number of LOAN
M.I.P,123,0,0E-20,0,0,2,18-22,APL Number of LOAN
Nursing care,15,0,0E-20,0,0,2,18-22,APL Number of LOAN
Term life,1044,11,0.01053639846743295019,0,4,2,18-22,APL Number of LOAN
VL Endowment,10,0,0E-20,0,0,2,18-22,APL Number of LOAN
VL Whole life,147,0,0E-20,0,0,2,18-22,APL Number of LOAN
Whole life,5784,1637,0.28302213001383125864,0,25,2,18-22,APL Number of LOAN
Annuity(Annuity Certain ),1814,958,0.52811466372657111356,0,23,1,23-30,APL Number of LOAN
Annuity(Whole Life Annuity With Guaranteed Installment ),60,21,0.35000000000000000000,0,5,1,23-30,APL Number of LOAN
Cancer,50157,0,0E-24,0,0,1,23-30,APL Number of LOAN
Dread Disease T.L.,601,0,0E-20,0,0,1,23-30,APL Number of LOAN
Dread Disease W.L.,5028,1812,0.36038186157517899761,0,19,1,23-30,APL Number of LOAN
Endowment,887,265,0.29875986471251409245,0,20,1,23-30,APL Number of LOAN
Female Disease,936,0,0E-20,0,0,1,23-30,APL Number of LOAN
Inc. Dec. Term Life,13,7,0.53846153846153846154,0,3,1,23-30,APL Number of LOAN
Injury,10,1,0.10000000000000000000,0,1,1,23-30,APL Number of LOAN
J.M.I.P,30,11,0.36666666666666666667,0,6,1,23-30,APL Number of LOAN
Joint life,248,71,0.28629032258064516129,0,12,1,23-30,APL Number of LOAN
Joint life(Flexible),530,100,0.18867924528301886792,0,11,1,23-30,APL Number of LOAN
Juvenile,5916,3399,0.57454361054766734280,0,30,1,23-30,APL Number of LOAN
Maternity Insurance(or New Pregnant Woman Insurance),2,0,0E-20,0,0,1,23-30,APL Number of LOAN
Medical,110643,360,0.00325370787126162523,0,9,1,23-30,APL Number of LOAN
M.I.P,16072,0,0E-24,0,0,1,23-30,APL Number of LOAN
Nursing care,110,0,0E-20,0,0,1,23-30,APL Number of LOAN
Term life,14829,294,0.01982601658911592151,0,10,1,23-30,APL Number of LOAN
VL Endowment,57,0,0E-20,0,0,1,23-30,APL Number of LOAN
VL Whole life,2273,0,0E-20,0,0,1,23-30,APL Number of LOAN
Whole life,39801,13861,0.34825758146780231652,0,28,1,23-30,APL Number of LOAN
Annuity(Annuity Certain ),1379,497,0.36040609137055837563,0,14,2,23-30,APL Number of LOAN
Annuity(Whole Life Annuity With Guaranteed Installment ),40,32,0.80000000000000000000,0,15,2,23-30,APL Number of LOAN
Cancer,22168,0,0E-24,0,0,2,23-30,APL Number of LOAN
Dread Disease T.L.,290,0,0E-20,0,0,2,23-30,APL Number of LOAN
Dread Disease W.L.,2944,761,0.25849184782608695652,0,14,2,23-30,APL Number of LOAN
Endowment,836,170,0.20334928229665071770,0,18,2,23-30,APL Number of LOAN
Female Disease,14549,0,0E-24,0,0,2,23-30,APL Number of LOAN
Inc. Dec. Term Life,5,0,0E-20,0,0,2,23-30,APL Number of LOAN
Injury,1,0,0E-20,0,0,2,23-30,APL Number of LOAN
J.M.I.P,5,2,0.40000000000000000000,0,2,2,23-30,APL Number of LOAN
Joint life,19,4,0.21052631578947368421,0,3,2,23-30,APL Number of LOAN
Joint life(Flexible),85,21,0.24705882352941176471,0,3,2,23-30,APL Number of LOAN
Juvenile,3004,2360,0.78561917443408788282,0,16,2,23-30,APL Number of LOAN
Maternity Insurance(or New Pregnant Woman Insurance),3,0,0E-20,0,0,2,23-30,APL Number of LOAN
Medical,115221,144,0.00124977217694691072,0,5,2,23-30,APL Number of LOAN
M.I.P,2337,0,0E-20,0,0,2,23-30,APL Number of LOAN
Nursing care,27,0,0E-20,0,0,2,23-30,APL Number of LOAN
Term life,3635,90,0.02475928473177441541,0,8,2,23-30,APL Number of LOAN
VL Endowment,39,0,0E-20,0,0,2,23-30,APL Number of LOAN
VL Whole life,872,0,0E-20,0,0,2,23-30,APL Number of LOAN
Whole life,17541,4686,0.26714554472378997777,0,33,2,23-30,APL Number of LOAN
Annuity(Annuity Certain ),1980,989,0.49949494949494949495,0,23,1,31-40,APL Number of LOAN
Annuity(Whole Life Annuity With Guaranteed Installment ),48,39,0.81250000000000000000,0,13,1,31-40,APL Number of LOAN
Cancer,50751,0,0E-24,0,0,1,31-40,APL Number of LOAN
Dread Disease T.L.,1195,0,0E-20,0,0,1,31-40,APL Number of LOAN
Dread Disease W.L.,5081,2050,0.40346388506199567014,0,20,1,31-40,APL Number of LOAN
Endowment,1640,320,0.19512195121951219512,0,24,1,31-40,APL Number of LOAN
Female Disease,1361,0,0E-20,0,0,1,31-40,APL Number of LOAN
Inc. Dec. Term Life,43,3,0.06976744186046511628,0,1,1,31-40,APL Number of LOAN
Injury,171,1,0.00584795321637426901,0,1,1,31-40,APL Number of LOAN
J.M.I.P,60,26,0.43333333333333333333,0,9,1,31-40,APL Number of LOAN
Joint life,320,156,0.48750000000000000000,0,15,1,31-40,APL Number of LOAN
Joint life(Flexible),694,214,0.30835734870317002882,0,11,1,31-40,APL Number of LOAN
Juvenile,7405,4230,0.57123565158676569885,0,21,1,31-40,APL Number of LOAN
Medical,133044,574,0.00431436216590000301,0,8,1,31-40,APL Number of LOAN
M.I.P,27350,0,0E-24,0,0,1,31-40,APL Number of LOAN
Nursing care,144,0,0E-20,0,0,1,31-40,APL Number of LOAN
Term life,26636,838,0.03146118035741102268,0,17,1,31-40,APL Number of LOAN
VL Endowment,198,0,0E-20,0,0,1,31-40,APL Number of LOAN
VL Whole life,2893,0,0E-20,0,0,1,31-40,APL Number of LOAN
Whole life,42251,18024,0.42659345340938676008,0,26,1,31-40,APL Number of LOAN
Annuity(Annuity Certain ),1481,504,0.34031060094530722485,0,18,2,31-40,APL Number of LOAN
Annuity(Whole Life Annuity With Guaranteed Installment ),29,0,0E-20,0,0,2,31-40,APL Number of LOAN
Cancer,20864,0,0E-24,0,0,2,31-40,APL Number of LOAN
Dread Disease T.L.,515,0,0E-20,0,0,2,31-40,APL Number of LOAN
Dread Disease W.L.,2666,862,0.32333083270817704426,0,15,2,31-40,APL Number of LOAN
Endowment,1186,311,0.26222596964586846543,0,16,2,31-40,APL Number of LOAN
Female Disease,8695,0,0E-20,0,0,2,31-40,APL Number of LOAN
Inc. Dec. Term Life,10,1,0.10000000000000000000,0,1,2,31-40,APL Number of LOAN
Injury,11,1,0.09090909090909090909,0,1,2,31-40,APL Number of LOAN
J.M.I.P,25,2,0.08000000000000000000,0,2,2,31-40,APL Number of LOAN
Joint life,34,6,0.17647058823529411765,0,2,2,31-40,APL Number of LOAN
Joint life(Flexible),218,69,0.31651376146788990826,0,9,2,31-40,APL Number of LOAN
Juvenile,3104,2069,0.66655927835051546392,0,18,2,31-40,APL Number of LOAN
Maternity Insurance(or New Pregnant Woman Insurance),3,0,0E-20,0,0,2,31-40,APL Number of LOAN
Medical,116310,298,0.00256211847648525492,0,8,2,31-40,APL Number of LOAN
Medical（Coins） ,1,0,0E-20,0,0,2,31-40,APL Number of LOAN
M.I.P,4244,0,0E-20,0,0,2,31-40,APL Number of LOAN
Nursing care,49,0,0E-20,0,0,2,31-40,APL Number of LOAN
Term life,5932,216,0.03641267700606877950,0,10,2,31-40,APL Number of LOAN
VL Endowment,38,0,0E-20,0,0,2,31-40,APL Number of LOAN
VL Whole life,937,0,0E-20,0,0,2,31-40,APL Number of LOAN
Whole life,18857,6457,0.34241926075197539375,0,28,2,31-40,APL Number of LOAN
Annuity(Annuity Certain ),1493,605,0.40522438044206296048,0,26,1,41-50,APL Number of LOAN
Annuity(Whole Life Annuity With Guaranteed Installment ),36,11,0.30555555555555555556,0,6,1,41-50,APL Number of LOAN
Cancer,46480,0,0E-24,0,0,1,41-50,APL Number of LOAN
Dread Disease T.L.,896,0,0E-20,0,0,1,41-50,APL Number of LOAN
Dread Disease W.L.,2892,1167,0.40352697095435684647,0,15,1,41-50,APL Number of LOAN
Endowment,2352,386,0.16411564625850340136,0,18,1,41-50,APL Number of LOAN
Female Disease,1413,0,0E-20,0,0,1,41-50,APL Number of LOAN
Inc. Dec. Term Life,87,3,0.03448275862068965517,0,1,1,41-50,APL Number of LOAN
Injury,219,1,0.00456621004566210046,0,1,1,41-50,APL Number of LOAN
J.M.I.P,68,14,0.20588235294117647059,0,10,1,41-50,APL Number of LOAN
Joint life,160,93,0.58125000000000000000,0,13,1,41-50,APL Number of LOAN
Joint life(Flexible),529,157,0.29678638941398865784,0,13,1,41-50,APL Number of LOAN
Juvenile,1442,1016,0.70457697642163661581,0,16,1,41-50,APL Number of LOAN
Medical,95416,424,0.00444369916995053241,0,9,1,41-50,APL Number of LOAN
Medical（Coins） ,2,0,0E-20,0,0,1,41-50,APL Number of LOAN
M.I.P,12150,0,0E-24,0,0,1,41-50,APL Number of LOAN
Nursing care,90,0,0E-20,0,0,1,41-50,APL Number of LOAN
Term life,21031,1068,0.05078217868860253911,0,12,1,41-50,APL Number of LOAN
VL Endowment,96,0,0E-20,0,0,1,41-50,APL Number of LOAN
VL Whole life,1390,0,0E-20,0,0,1,41-50,APL Number of LOAN
Whole life,26663,11780,0.44181074897798447287,0,26,1,41-50,APL Number of LOAN
Annuity(Annuity Certain ),1329,440,0.33107599699021820918,0,19,2,41-50,APL Number of LOAN
Annuity(Whole Life Annuity With Guaranteed Installment ),29,7,0.24137931034482758621,0,2,2,41-50,APL Number of LOAN
Cancer,19946,0,0E-24,0,0,2,41-50,APL Number of LOAN
Dread Disease T.L.,466,0,0E-20,0,0,2,41-50,APL Number of LOAN
Dread Disease W.L.,1890,712,0.37671957671957671958,0,24,2,41-50,APL Number of LOAN
Endowment,1044,245,0.23467432950191570881,0,18,2,41-50,APL Number of LOAN
Female Disease,4640,0,0E-20,0,0,2,41-50,APL Number of LOAN
Inc. Dec. Term Life,17,1,0.05882352941176470588,0,1,2,41-50,APL Number of LOAN
Injury,28,2,0.07142857142857142857,0,1,2,41-50,APL Number of LOAN
J.M.I.P,48,15,0.31250000000000000000,0,4,2,41-50,APL Number of LOAN
Joint life,38,7,0.18421052631578947368,0,4,2,41-50,APL Number of LOAN
Joint life(Flexible),265,58,0.21886792452830188679,0,14,2,41-50,APL Number of LOAN
Juvenile,514,343,0.66731517509727626459,0,12,2,41-50,APL Number of LOAN
Medical,78540,288,0.00366692131398013751,0,12,2,41-50,APL Number of LOAN
Medical（Coins） ,2,0,0E-20,0,0,2,41-50,APL Number of LOAN
M.I.P,2015,0,0E-20,0,0,2,41-50,APL Number of LOAN
Nursing care,60,0,0E-20,0,0,2,41-50,APL Number of LOAN
Term life,5716,215,0.03761371588523442967,0,13,2,41-50,APL Number of LOAN
VL Endowment,44,0,0E-20,0,0,2,41-50,APL Number of LOAN
VL Whole life,652,0,0E-20,0,0,2,41-50,APL Number of LOAN
Whole life,16245,6025,0.37088334872268390274,0,24,2,41-50,APL Number of LOAN
Annuity(Annuity Certain ),686,257,0.37463556851311953353,0,14,1,51-60,APL Number of LOAN
Annuity(Whole Life Annuity With Guaranteed Installment ),15,1,0.06666666666666666667,0,1,1,51-60,APL Number of LOAN
Cancer,28900,0,0E-24,0,0,1,51-60,APL Number of LOAN
Dread Disease T.L.,395,0,0E-20,0,0,1,51-60,APL Number of LOAN
Dread Disease W.L.,1710,695,0.40643274853801169591,0,15,1,51-60,APL Number of LOAN
Endowment,1640,194,0.11829268292682926829,0,9,1,51-60,APL Number of LOAN
Female Disease,743,0,0E-20,0,0,1,51-60,APL Number of LOAN
Inc. Dec. Term Life,137,10,0.07299270072992700730,0,3,1,51-60,APL Number of LOAN
Injury,375,23,0.06133333333333333333,0,6,1,51-60,APL Number of LOAN
J.M.I.P,26,5,0.19230769230769230769,0,3,1,51-60,APL Number of LOAN
Joint life,61,16,0.26229508196721311475,0,4,1,51-60,APL Number of LOAN
Joint life(Flexible),398,93,0.23366834170854271357,0,10,1,51-60,APL Number of LOAN
Juvenile,268,108,0.40298507462686567164,0,10,1,51-60,APL Number of LOAN
Medical,60843,229,0.00376378548066334665,0,6,1,51-60,APL Number of LOAN
Medical（Coins） ,2,0,0E-20,0,0,1,51-60,APL Number of LOAN
M.I.P,3623,0,0E-20,0,0,1,51-60,APL Number of LOAN
Nursing care,50,0,0E-20,0,0,1,51-60,APL Number of LOAN
Term life,12556,965,0.07685568652437081873,0,11,1,51-60,APL Number of LOAN
VL Endowment,92,0,0E-20,0,0,1,51-60,APL Number of LOAN
VL Whole life,640,0,0E-20,0,0,1,51-60,APL Number of LOAN
Whole life,13600,5745,0.42242647058823529412,0,21,1,51-60,APL Number of LOAN
Annuity(Annuity Certain ),681,263,0.38619676945668135095,0,22,2,51-60,APL Number of LOAN
Annuity(Whole Life Annuity With Guaranteed Installment ),19,4,0.21052631578947368421,0,2,2,51-60,APL Number of LOAN
Cancer,13831,0,0E-24,0,0,2,51-60,APL Number of LOAN
Dread Disease T.L.,286,0,0E-20,0,0,2,51-60,APL Number of LOAN
Dread Disease W.L.,1313,408,0.31073876618431073877,0,15,2,51-60,APL Number of LOAN
Endowment,710,122,0.17183098591549295775,0,13,2,51-60,APL Number of LOAN
Female Disease,2079,0,0E-20,0,0,2,51-60,APL Number of LOAN
Inc. Dec. Term Life,24,0,0E-20,0,0,2,51-60,APL Number of LOAN
Injury,8,3,0.37500000000000000000,0,3,2,51-60,APL Number of LOAN
J.M.I.P,28,3,0.10714285714285714286,0,1,2,51-60,APL Number of LOAN
Joint life,4,2,0.50000000000000000000,0,2,2,51-60,APL Number of LOAN
Joint life(Flexible),270,67,0.24814814814814814815,0,16,2,51-60,APL Number of LOAN
Juvenile,479,181,0.37787056367432150313,0,9,2,51-60,APL Number of LOAN
Medical,56401,219,0.00388290987748444177,0,11,2,51-60,APL Number of LOAN
Medical（Coins） ,4,0,0E-20,0,0,2,51-60,APL Number of LOAN
M.I.P,703,0,0E-20,0,0,2,51-60,APL Number of LOAN
Nursing care,68,0,0E-20,0,0,2,51-60,APL Number of LOAN
Term life,4155,357,0.08592057761732851986,0,12,2,51-60,APL Number of LOAN
VL Endowment,27,0,0E-20,0,0,2,51-60,APL Number of LOAN
VL Whole life,480,0,0E-20,0,0,2,51-60,APL Number of LOAN
Whole life,11398,3484,0.30566766099315669416,0,23,2,51-60,APL Number of LOAN
Annuity(Annuity Certain ),64,50,0.78125000000000000000,0,7,1,61-64,APL Number of LOAN
Annuity(Whole Life Annuity With Guaranteed Installment ),4,0,0E-20,0,0,1,61-64,APL Number of LOAN
Cancer,3260,0,0E-20,0,0,1,61-64,APL Number of LOAN
Dread Disease T.L.,43,0,0E-20,0,0,1,61-64,APL Number of LOAN
Dread Disease W.L.,179,68,0.37988826815642458101,0,6,1,61-64,APL Number of LOAN
Endowment,431,24,0.05568445475638051044,0,5,1,61-64,APL Number of LOAN
Female Disease,55,0,0E-20,0,0,1,61-64,APL Number of LOAN
Inc. Dec. Term Life,49,2,0.04081632653061224490,0,1,1,61-64,APL Number of LOAN
Injury,81,3,0.03703703703703703704,0,1,1,61-64,APL Number of LOAN
J.M.I.P,8,0,0E-20,0,0,1,61-64,APL Number of LOAN
Joint life,10,0,0E-20,0,0,1,61-64,APL Number of LOAN
Joint life(Flexible),82,7,0.08536585365853658537,0,2,1,61-64,APL Number of LOAN
Juvenile,65,50,0.76923076923076923077,0,12,1,61-64,APL Number of LOAN
Medical,12439,30,0.00241176943484202910,0,4,1,61-64,APL Number of LOAN
Medical（Coins） ,3,0,0E-20,0,0,1,61-64,APL Number of LOAN
M.I.P,293,0,0E-20,0,0,1,61-64,APL Number of LOAN
Nursing care,18,0,0E-20,0,0,1,61-64,APL Number of LOAN
Term life,1754,166,0.09464082098061573546,0,8,1,61-64,APL Number of LOAN
VL Endowment,27,0,0E-20,0,0,1,61-64,APL Number of LOAN
VL Whole life,93,0,0E-20,0,0,1,61-64,APL Number of LOAN
Whole life,2497,1076,0.43091710052062474970,0,14,1,61-64,APL Number of LOAN
Annuity(Annuity Certain ),56,17,0.30357142857142857143,0,6,2,61-64,APL Number of LOAN
Annuity(Whole Life Annuity With Guaranteed Installment ),2,0,0E-20,0,0,2,61-64,APL Number of LOAN
Cancer,2319,0,0E-20,0,0,2,61-64,APL Number of LOAN
Dread Disease T.L.,39,0,0E-20,0,0,2,61-64,APL Number of LOAN
Dread Disease W.L.,175,47,0.26857142857142857143,0,8,2,61-64,APL Number of LOAN
Endowment,213,43,0.20187793427230046948,0,7,2,61-64,APL Number of LOAN
Female Disease,317,0,0E-20,0,0,2,61-64,APL Number of LOAN
Inc. Dec. Term Life,9,0,0E-20,0,0,2,61-64,APL Number of LOAN
Injury,3,0,0E-20,0,0,2,61-64,APL Number of LOAN
J.M.I.P,6,0,0E-20,0,0,2,61-64,APL Number of LOAN
Joint life,3,1,0.33333333333333333333,0,1,2,61-64,APL Number of LOAN
Joint life(Flexible),65,11,0.16923076923076923077,0,6,2,61-64,APL Number of LOAN
Juvenile,129,28,0.21705426356589147287,0,6,2,61-64,APL Number of LOAN
Medical,15067,57,0.00378310214375788146,0,5,2,61-64,APL Number of LOAN
Medical（Coins） ,1,0,0E-20,0,0,2,61-64,APL Number of LOAN
M.I.P,94,0,0E-20,0,0,2,61-64,APL Number of LOAN
Nursing care,9,0,0E-20,0,0,2,61-64,APL Number of LOAN
Term life,905,135,0.14917127071823204420,0,12,2,61-64,APL Number of LOAN
VL Endowment,7,0,0E-20,0,0,2,61-64,APL Number of LOAN
VL Whole life,106,0,0E-20,0,0,2,61-64,APL Number of LOAN
Whole life,2749,913,0.33212077118952346308,0,18,2,61-64,APL Number of LOAN
Annuity(Annuity Certain ),54,22,0.40740740740740740741,0,10,1,greater than 64,APL Number of LOAN
Annuity(Whole Life Annuity With Guaranteed Installment ),3,2,0.66666666666666666667,0,2,1,greater than 64,APL Number of LOAN
Cancer,2796,0,0E-20,0,0,1,greater than 64,APL Number of LOAN
Dread Disease T.L.,21,0,0E-20,0,0,1,greater than 64,APL Number of LOAN
Dread Disease W.L.,104,32,0.30769230769230769231,0,6,1,greater than 64,APL Number of LOAN
Endowment,405,64,0.15802469135802469136,0,7,1,greater than 64,APL Number of LOAN
Female Disease,54,0,0E-20,0,0,1,greater than 64,APL Number of LOAN
Inc. Dec. Term Life,46,0,0E-20,0,0,1,greater than 64,APL Number of LOAN
Injury,67,11,0.16417910447761194030,0,3,1,greater than 64,APL Number of LOAN
J.M.I.P,4,0,0E-20,0,0,1,greater than 64,APL Number of LOAN
Joint life,1,1,1.00000000000000000000,1,1,1,greater than 64,APL Number of LOAN
Joint life(Flexible),165,32,0.19393939393939393939,0,4,1,greater than 64,APL Number of LOAN
Juvenile,15,27,1.8000000000000000,0,21,1,greater than 64,APL Number of LOAN
Medical,10036,39,0.00388601036269430052,0,4,1,greater than 64,APL Number of LOAN
Medical（Coins） ,1,0,0E-20,0,0,1,greater than 64,APL Number of LOAN
M.I.P,160,0,0E-20,0,0,1,greater than 64,APL Number of LOAN
Nursing care,4,0,0E-20,0,0,1,greater than 64,APL Number of LOAN
Term life,1527,189,0.12377210216110019646,0,9,1,greater than 64,APL Number of LOAN
VL Endowment,61,0,0E-20,0,0,1,greater than 64,APL Number of LOAN
VL Whole life,132,0,0E-20,0,0,1,greater than 64,APL Number of LOAN
Whole life,2985,1091,0.36549413735343383585,0,19,1,greater than 64,APL Number of LOAN
Annuity(Annuity Certain ),53,12,0.22641509433962264151,0,5,2,greater than 64,APL Number of LOAN
Annuity(Whole Life Annuity With Guaranteed Installment ),3,0,0E-20,0,0,2,greater than 64,APL Number of LOAN
Cancer,2461,0,0E-20,0,0,2,greater than 64,APL Number of LOAN
Dread Disease T.L.,19,0,0E-20,0,0,2,greater than 64,APL Number of LOAN
Dread Disease W.L.,128,49,0.38281250000000000000,0,10,2,greater than 64,APL Number of LOAN
Endowment,274,22,0.08029197080291970803,0,4,2,greater than 64,APL Number of LOAN
Female Disease,105,0,0E-20,0,0,2,greater than 64,APL Number of LOAN
Inc. Dec. Term Life,2,0,0E-20,0,0,2,greater than 64,APL Number of LOAN
Injury,10,0,0E-20,0,0,2,greater than 64,APL Number of LOAN
J.M.I.P,4,0,0E-20,0,0,2,greater than 64,APL Number of LOAN
Joint life,2,0,0E-20,0,0,2,greater than 64,APL Number of LOAN
Joint life(Flexible),216,39,0.18055555555555555556,0,5,2,greater than 64,APL Number of LOAN
Juvenile,32,5,0.15625000000000000000,0,2,2,greater than 64,APL Number of LOAN
Medical,15668,52,0.00331886647944855757,0,3,2,greater than 64,APL Number of LOAN
M.I.P,77,0,0E-20,0,0,2,greater than 64,APL Number of LOAN
Nursing care,2,0,0E-20,0,0,2,greater than 64,APL Number of LOAN
Term life,1038,144,0.13872832369942196532,0,9,2,greater than 64,APL Number of LOAN
VL Endowment,9,0,0E-20,0,0,2,greater than 64,APL Number of LOAN
VL Whole life,168,0,0E-20,0,0,2,greater than 64,APL Number of LOAN
Whole life,4241,1142,0.26927611412402735204,0,15,2,greater than 64,APL Number of LOAN
Annuity(Annuity Certain ),374,6616263,17690.542780748663,4964,654122,1,18-22,TotalP_1
Annuity(Whole Life Annuity With Guaranteed Installment ),15,628785,41919.000000000000,10156,363000,1,18-22,TotalP_1
Cancer,9492,29797639,3139.2371470712178677,105,98288,1,18-22,TotalP_1
Dread Disease T.L.,56,286189,5110.5178571428571429,834,16610,1,18-22,TotalP_1
Dread Disease W.L.,1170,9369496,8008.1162393162393162,1240,139260,1,18-22,TotalP_1
Endowment,265,22980573,86719.143396226415,0,5019651,1,18-22,TotalP_1
Female Disease,33,126710,3839.6969696969696970,755,28475,1,18-22,TotalP_1
Inc. Dec. Term Life,1,645700,645700.000000000000,645700,645700,1,18-22,TotalP_1
J.M.I.P,4,1745372,436343.000000000000,19460,577788,1,18-22,TotalP_1
Joint life,11,134299,12209.000000000000,1580,18060,1,18-22,TotalP_1
Joint life(Flexible),56,19178595,342474.910714285714,0,1872738,1,18-22,TotalP_1
Juvenile,490,4931441,10064.165306122449,2659,133786,1,18-22,TotalP_1
Medical,24202,149813654,6190.1352780761920502,591,244860,1,18-22,TotalP_1
M.I.P,651,4392732,6747.6682027649769585,1170,94700,1,18-22,TotalP_1
Nursing care,10,261275,26127.500000000000,1500,214790,1,18-22,TotalP_1
Term life,2183,17085760,7826.7338524965643610,157,693610,1,18-22,TotalP_1
VL Endowment,10,3156292,315629.200000000000,9990,1000000,1,18-22,TotalP_1
VL Whole life,300,13703552,45678.506666666667,0,1661600,1,18-22,TotalP_1
Whole life,9723,180025723,18515.450272549625,0,20000000,1,18-22,TotalP_1
Annuity(Annuity Certain ),342,5342406,15621.070175438596,5000,240000,2,18-22,TotalP_1
Annuity(Whole Life Annuity With Guaranteed Installment ),9,157470,17496.666666666667,10000,30000,2,18-22,TotalP_1
Cancer,5863,21183208,3613.0322360566263005,142,88004,2,18-22,TotalP_1
Dread Disease T.L.,48,212675,4430.7291666666666667,729,14012,2,18-22,TotalP_1
Dread Disease W.L.,816,6506201,7973.2855392156862745,1165,137455,2,18-22,TotalP_1
Endowment,290,13949291,48101.003448275862,3251,560808,2,18-22,TotalP_1
Female Disease,3710,14462792,3898.3266846361185984,231,45145,2,18-22,TotalP_1
J.M.I.P,2,1146768,573384.000000000000,571956,574812,2,18-22,TotalP_1
Joint life,4,54942,13735.500000000000,0,41853,2,18-22,TotalP_1
Joint life(Flexible),23,9583031,416653.521739130435,0,1194640,2,18-22,TotalP_1
Juvenile,406,3577281,8811.0369458128078818,2644,130552,2,18-22,TotalP_1
Medical,27549,175649964,6375.9107045627790482,0,399650,2,18-22,TotalP_1
M.I.P,123,876722,7127.8211382113821138,660,44880,2,18-22,TotalP_1
Nursing care,15,70813,4720.8666666666666667,1345,21630,2,18-22,TotalP_1
Term life,1044,7407962,7095.7490421455938697,270,503400,2,18-22,TotalP_1
VL Endowment,10,260828,26082.800000000000,5610,158520,2,18-22,TotalP_1
VL Whole life,147,10232413,69608.251700680272,0,1280800,2,18-22,TotalP_1
Whole life,5784,63226433,10931.264349930844,0,3000000,2,18-22,TotalP_1
Annuity(Annuity Certain ),1814,32214677,17758.917861080485,4862,1000000,1,23-30,TotalP_1
Annuity(Whole Life Annuity With Guaranteed Installment ),60,3769100,62818.333333333333,8568,596508,1,23-30,TotalP_1
Cancer,50157,186418823,3716.7060031501086588,99,185501,1,23-30,TotalP_1
Dread Disease T.L.,601,3715782,6182.6655574043261231,358,128710,1,23-30,TotalP_1
Dread Disease W.L.,5028,48288227,9603.8637629276054097,1087,291420,1,23-30,TotalP_1
Endowment,887,82064312,92518.953776775648,0,4474268,1,23-30,TotalP_1
Female Disease,936,3499547,3738.8322649572649573,96,45710,1,23-30,TotalP_1
Inc. Dec. Term Life,13,2873483,221037.153846153846,3084,1489670,1,23-30,TotalP_1
Injury,10,992702,99270.200000000000,4362,333690,1,23-30,TotalP_1
J.M.I.P,30,8432218,281073.933333333333,10344,1149624,1,23-30,TotalP_1
Joint life,248,3786017,15266.197580645161,0,208060,1,23-30,TotalP_1
Joint life(Flexible),530,53213057,100401.994339622642,0,10057855,1,23-30,TotalP_1
Juvenile,5916,85869903,14514.858519269777,2654,303057,1,23-30,TotalP_1
Maternity Insurance(or New Pregnant Woman Insurance),2,203040,101520.000000000000,67680,135360,1,23-30,TotalP_1
Medical,110643,871300188,7874.8785553537051598,0,451585,1,23-30,TotalP_1
M.I.P,16072,179762059,11184.7971005475360876,720,196712,1,23-30,TotalP_1
Nursing care,110,653963,5945.1181818181818182,0,70650,1,23-30,TotalP_1
Term life,14829,160329881,10811.9145593094611909,0,3188280,1,23-30,TotalP_1
VL Endowment,57,12436924,218191.649122807018,1836,2455300,1,23-30,TotalP_1
VL Whole life,2273,70943599,31211.438187417510,0,12030900,1,23-30,TotalP_1
Whole life,39801,699916973,17585.411748448531,0,12142690,1,23-30,TotalP_1
Annuity(Annuity Certain ),1379,26023428,18871.231327048586,5000,1000000,2,23-30,TotalP_1
Annuity(Whole Life Annuity With Guaranteed Installment ),40,3501159,87528.975000000000,10000,600000,2,23-30,TotalP_1
Cancer,22168,97690879,4406.8422500902201371,150,114988,2,23-30,TotalP_1
Dread Disease T.L.,290,1810183,6242.0103448275862069,294,54273,2,23-30,TotalP_1
Dread Disease W.L.,2944,29842075,10136.574388586957,0,225420,2,23-30,TotalP_1
Endowment,836,76887279,91970.429425837321,0,3633360,2,23-30,TotalP_1
Female Disease,14549,63476535,4362.9483125988040415,330,60968,2,23-30,TotalP_1
Inc. Dec. Term Life,5,4466647,893329.400000000000,3432,3975000,2,23-30,TotalP_1
Injury,1,118600,118600.000000000000,118600,118600,2,23-30,TotalP_1
J.M.I.P,5,2745306,549061.200000000000,29621,991525,2,23-30,TotalP_1
Joint life,19,184784,9725.4736842105263158,3505,18752,2,23-30,TotalP_1
Joint life(Flexible),85,29554238,347696.917647058824,0,2316960,2,23-30,TotalP_1
Juvenile,3004,37787164,12578.949400798935,2589,303256,2,23-30,TotalP_1
Maternity Insurance(or New Pregnant Woman Insurance),3,211655,70551.666666666667,67680,73920,2,23-30,TotalP_1
Medical,115221,974654389,8458.9995660513274490,0,661559,2,23-30,TotalP_1
M.I.P,2337,23339822,9987.0868635002139495,615,143280,2,23-30,TotalP_1
Nursing care,27,131380,4865.9259259259259259,1500,49950,2,23-30,TotalP_1
Term life,3635,30047386,8266.1309491059147180,0,816071,2,23-30,TotalP_1
VL Endowment,39,3401217,87210.692307692308,0,2047740,2,23-30,TotalP_1
VL Whole life,872,33145377,38010.753440366972,0,2499900,2,23-30,TotalP_1
Whole life,17541,309925931,17668.658058263497,0,15000000,2,23-30,TotalP_1
Annuity(Annuity Certain ),1980,49659626,25080.619191919192,5000,2000000,1,31-40,TotalP_1
Annuity(Whole Life Annuity With Guaranteed Installment ),48,2096843,43684.229166666667,6908,473784,1,31-40,TotalP_1
Cancer,50751,309776056,6103.8414218439045536,105,707336,1,31-40,TotalP_1
Dread Disease T.L.,1195,9693334,8111.5765690376569038,904,301940,1,31-40,TotalP_1
Dread Disease W.L.,5081,63295943,12457.379059240307,0,353000,1,31-40,TotalP_1
Endowment,1640,256916240,156656.243902439024,0,6431330,1,31-40,TotalP_1
Female Disease,1361,4923535,3617.5863335782512858,96,54860,1,31-40,TotalP_1
Inc. Dec. Term Life,43,22495373,523148.209302325581,1850,5100000,1,31-40,TotalP_1
Injury,171,12532397,73288.871345029240,2425,821660,1,31-40,TotalP_1
J.M.I.P,60,17993975,299899.583333333333,18360,951000,1,31-40,TotalP_1
Joint life,320,8656988,27053.087500000000,0,386232,1,31-40,TotalP_1
Joint life(Flexible),694,141659303,204120.033141210375,0,10694115,1,31-40,TotalP_1
Juvenile,7405,130815352,17665.813909520594,2526,714105,1,31-40,TotalP_1
Medical,133044,1361780403,10235.5641968070713448,0,543000,1,31-40,TotalP_1
M.I.P,27350,393449624,14385.726654478976,600,686320,1,31-40,TotalP_1
Nursing care,144,1316927,9145.3263888888888889,1525,244506,1,31-40,TotalP_1
Term life,26636,379270213,14239.007846523502,0,2837410,1,31-40,TotalP_1
VL Endowment,198,106345459,537098.277777777778,3098,6837800,1,31-40,TotalP_1
VL Whole life,2893,167305383,57831.103698582786,0,13501500,1,31-40,TotalP_1
Whole life,42251,1196928349,28328.994556341862,0,10005226,1,31-40,TotalP_1
Annuity(Annuity Certain ),1481,35360090,23875.820391627279,3906,1300000,2,31-40,TotalP_1
Annuity(Whole Life Annuity With Guaranteed Installment ),29,4185729,144335.482758620690,10000,1510044,2,31-40,TotalP_1
Cancer,20864,137257572,6578.6796395705521472,0,437910,2,31-40,TotalP_1
Dread Disease T.L.,515,3674294,7134.5514563106796117,521,62715,2,31-40,TotalP_1
Dread Disease W.L.,2666,34582506,12971.682670667667,1376,253500,2,31-40,TotalP_1
Endowment,1186,161579548,136239.079258010118,3008,5047380,2,31-40,TotalP_1
Female Disease,8695,41357217,4756.4366877515813686,0,63565,2,31-40,TotalP_1
Inc. Dec. Term Life,10,1079222,107922.200000000000,3213,830550,2,31-40,TotalP_1
Injury,11,674587,61326.090909090909,3235,585095,2,31-40,TotalP_1
J.M.I.P,25,11639076,465563.040000000000,17412,948520,2,31-40,TotalP_1
Joint life,34,695945,20468.970588235294,0,157455,2,31-40,TotalP_1
Joint life(Flexible),218,58067571,266365.004587155963,0,1945640,2,31-40,TotalP_1
Juvenile,3104,51985266,16747.830541237113,2766,1172600,2,31-40,TotalP_1
Maternity Insurance(or New Pregnant Woman Insurance),3,230775,76925.000000000000,75605,77585,2,31-40,TotalP_1
Medical,116310,1178531313,10132.6740005158627805,0,501500,2,31-40,TotalP_1
Medical（Coins） ,1,500,500.0000000000000000,500,500,2,31-40,TotalP_1
M.I.P,4244,44843653,10566.364985862394,385,411292,2,31-40,TotalP_1
Nursing care,49,450127,9186.2653061224489796,0,146960,2,31-40,TotalP_1
Term life,5932,68584261,11561.743256911666,0,2044309,2,31-40,TotalP_1
VL Endowment,38,6911806,181889.631578947368,0,3056606,2,31-40,TotalP_1
VL Whole life,937,148749818,158751.139807897545,0,10024950,2,31-40,TotalP_1
Whole life,18857,590412192,31309.974651323116,0,10900000,2,31-40,TotalP_1
Annuity(Annuity Certain ),1493,57852013,38748.836570663094,0,3059820,1,41-50,TotalP_1
Annuity(Whole Life Annuity With Guaranteed Installment ),36,2638415,73289.305555555556,5000,548275,1,41-50,TotalP_1
Cancer,46480,410686244,8835.7625645438898451,0,882860,1,41-50,TotalP_1
Dread Disease T.L.,896,6760748,7545.4776785714285714,0,171815,1,41-50,TotalP_1
Dread Disease W.L.,2892,43818598,15151.659059474412,0,681270,1,41-50,TotalP_1
Endowment,2352,744959820,316734.617346938776,0,10024710,1,41-50,TotalP_1
Female Disease,1413,5291145,3744.6178343949044586,0,69555,1,41-50,TotalP_1
Inc. Dec. Term Life,87,42737421,491234.724137931034,3990,5784820,1,41-50,TotalP_1
Injury,219,22972521,104897.356164383562,3151,936595,1,41-50,TotalP_1
J.M.I.P,68,39300712,577951.647058823529,12288,5252940,1,41-50,TotalP_1
Joint life,160,6023701,37648.131250000000,0,593125,1,41-50,TotalP_1
Joint life(Flexible),529,317788610,600734.612476370510,0,23420629,1,41-50,TotalP_1
Juvenile,1442,31956157,22160.996532593620,3029,504885,1,41-50,TotalP_1
Medical,95416,1099086665,11518.892690953299,0,1325990,1,41-50,TotalP_1
Medical（Coins） ,2,1000,500.0000000000000000,500,500,1,41-50,TotalP_1
M.I.P,12150,222280960,18294.729218106996,0,1065120,1,41-50,TotalP_1
Nursing care,90,1704067,18934.077777777778,0,265060,1,41-50,TotalP_1
Term life,21031,527166562,25066.167181779278,0,11786410,1,41-50,TotalP_1
VL Endowment,96,45166474,470484.104166666667,3042,3660000,1,41-50,TotalP_1
VL Whole life,1390,494040726,355424.982733812950,0,123318000,1,41-50,TotalP_1
Whole life,26663,1339568090,50240.711472827514,0,37349136,1,41-50,TotalP_1
Annuity(Annuity Certain ),1329,57263671,43087.788562829195,0,2000000,2,41-50,TotalP_1
Annuity(Whole Life Annuity With Guaranteed Installment ),29,4018923,138583.551724137931,10000,982648,2,41-50,TotalP_1
Cancer,19946,160134154,8028.3843377118219192,0,857450,2,41-50,TotalP_1
Dread Disease T.L.,466,3744678,8035.7896995708154506,984,132265,2,41-50,TotalP_1
Dread Disease W.L.,1890,31948268,16903.845502645503,0,698840,2,41-50,TotalP_1
Endowment,1044,133754210,128117.059386973180,0,4103260,2,41-50,TotalP_1
Female Disease,4640,22702686,4892.8202586206896552,0,80460,2,41-50,TotalP_1
Inc. Dec. Term Life,17,10103565,594327.352941176471,3009,2888500,2,41-50,TotalP_1
Injury,28,4981158,177898.500000000000,3975,669910,2,41-50,TotalP_1
J.M.I.P,48,28949277,603109.937500000000,26880,2333282,2,41-50,TotalP_1
Joint life,38,1389434,36564.052631578947,0,661450,2,41-50,TotalP_1
Joint life(Flexible),265,119987590,452783.358490566038,0,8317636,2,41-50,TotalP_1
Juvenile,514,9347539,18185.873540856031,3000,767155,2,41-50,TotalP_1
Medical,78540,945245073,12035.205920550038,0,881050,2,41-50,TotalP_1
Medical（Coins） ,2,1000,500.0000000000000000,500,500,2,41-50,TotalP_1
M.I.P,2015,20587422,10217.082878411911,810,299040,2,41-50,TotalP_1
Nursing care,60,1452579,24209.650000000000,0,161730,2,41-50,TotalP_1
Term life,5716,82959419,14513.544261721484,0,2721520,2,41-50,TotalP_1
VL Endowment,44,12200785,277290.568181818182,0,4832940,2,41-50,TotalP_1
VL Whole life,652,166182570,254881.242331288344,0,10000000,2,41-50,TotalP_1
Whole life,16245,1012646389,62335.881132656202,0,30000000,2,41-50,TotalP_1
Annuity(Annuity Certain ),686,29820298,43469.822157434402,0,2000000,1,51-60,TotalP_1
Annuity(Whole Life Annuity With Guaranteed Installment ),15,1135365,75691.000000000000,27806,197928,1,51-60,TotalP_1
Cancer,28900,311881582,10791.750242214533,0,732016,1,51-60,TotalP_1
Dread Disease T.L.,395,4317262,10929.777215189873,0,308536,1,51-60,TotalP_1
Dread Disease W.L.,1710,32640247,19087.863742690058,0,1401980,1,51-60,TotalP_1
Endowment,1640,657372480,400836.878048780488,0,44374400,1,51-60,TotalP_1
Female Disease,743,3031624,4080.2476446837146703,303,59495,1,51-60,TotalP_1
Inc. Dec. Term Life,137,78280147,571387.934306569343,4152,11398900,1,51-60,TotalP_1
Injury,375,41929426,111811.802666666667,2320,2708250,1,51-60,TotalP_1
J.M.I.P,26,18923412,727823.538461538462,39824,6672820,1,51-60,TotalP_1
Joint life,61,4463575,73173.360655737705,0,1856600,1,51-60,TotalP_1
Joint life(Flexible),398,201249116,505651.045226130653,0,13484059,1,51-60,TotalP_1
Juvenile,268,4736479,17673.429104477612,3324,327898,1,51-60,TotalP_1
Medical,60843,897839704,14756.663938333087,0,1047750,1,51-60,TotalP_1
Medical（Coins） ,2,1000,500.0000000000000000,500,500,1,51-60,TotalP_1
M.I.P,3623,95155549,26264.297267457908,0,1435896,1,51-60,TotalP_1
Nursing care,50,1247990,24959.800000000000,3320,181820,1,51-60,TotalP_1
Term life,12556,391569812,31185.872252309653,0,6679280,1,51-60,TotalP_1
VL Endowment,92,146778413,1595417.532608695652,0,28396900,1,51-60,TotalP_1
VL Whole life,640,789107219,1232980.029687500000,0,103382500,1,51-60,TotalP_1
Whole life,13600,1344486409,98859.294779411765,0,34846740,1,51-60,TotalP_1
Annuity(Annuity Certain ),681,46696976,68571.183553597651,0,2870928,2,51-60,TotalP_1
Annuity(Whole Life Annuity With Guaranteed Installment ),19,10621842,559044.315789473684,0,3940080,2,51-60,TotalP_1
Cancer,13831,143722343,10391.3197165787000217,0,676508,2,51-60,TotalP_1
Dread Disease T.L.,286,3013584,10537.006993006993,0,405440,2,51-60,TotalP_1
Dread Disease W.L.,1313,25380785,19330.376999238385,0,921730,2,51-60,TotalP_1
Endowment,710,138858551,195575.423943661972,0,20697600,2,51-60,TotalP_1
Female Disease,2079,8959992,4309.7604617604617605,414,50055,2,51-60,TotalP_1
Inc. Dec. Term Life,24,6939757,289156.541666666667,6214,2533100,2,51-60,TotalP_1
Injury,8,642384,80298.000000000000,7850,546179,2,51-60,TotalP_1
J.M.I.P,28,14379600,513557.142857142857,50040,597456,2,51-60,TotalP_1
Joint life,4,248659,62164.750000000000,8415,204750,2,51-60,TotalP_1
Joint life(Flexible),270,185102561,685565.040740740741,0,12752600,2,51-60,TotalP_1
Juvenile,479,7137279,14900.373695198330,2786,315576,2,51-60,TotalP_1
Medical,56401,888789712,15758.403432563252,0,1020600,2,51-60,TotalP_1
Medical（Coins） ,4,2000,500.0000000000000000,500,500,2,51-60,TotalP_1
M.I.P,703,9644904,13719.635846372688,0,485520,2,51-60,TotalP_1
Nursing care,68,3148169,46296.602941176471,0,343880,2,51-60,TotalP_1
Term life,4155,90423004,21762.455836341757,0,4613827,2,51-60,TotalP_1
VL Endowment,27,13018071,482150.777777777778,0,2000000,2,51-60,TotalP_1
VL Whole life,480,598105006,1246052.095833333333,0,127203000,2,51-60,TotalP_1
Whole life,11398,1164223254,102142.766625723811,0,30000000,2,51-60,TotalP_1
Annuity(Annuity Certain ),64,4074716,63667.437500000000,0,850000,1,61-64,TotalP_1
Annuity(Whole Life Annuity With Guaranteed Installment ),4,912139,228034.750000000000,24375,500000,1,61-64,TotalP_1
Cancer,3260,87940104,26975.492024539877,0,813780,1,61-64,TotalP_1
Dread Disease T.L.,43,503550,11710.465116279070,3340,62331,1,61-64,TotalP_1
Dread Disease W.L.,179,4065908,22714.569832402235,0,414925,1,61-64,TotalP_1
Endowment,431,233535032,541844.621809744780,0,10042260,1,61-64,TotalP_1
Female Disease,55,274186,4985.2000000000000000,462,48985,1,61-64,TotalP_1
Inc. Dec. Term Life,49,38552004,786775.591836734694,12919,7693400,1,61-64,TotalP_1
Injury,81,9076579,112056.530864197531,3410,1492295,1,61-64,TotalP_1
J.M.I.P,8,4712928,589116.000000000000,573312,670140,1,61-64,TotalP_1
Joint life,10,1445584,144558.400000000000,0,705615,1,61-64,TotalP_1
Joint life(Flexible),82,39245706,478606.170731707317,0,7657690,1,61-64,TotalP_1
Juvenile,65,1278712,19672.492307692308,3118,563025,1,61-64,TotalP_1
Medical,12439,247819703,19922.799501567650,0,1089800,1,61-64,TotalP_1
Medical（Coins） ,3,1500,500.0000000000000000,500,500,1,61-64,TotalP_1
M.I.P,293,12522439,42738.699658703072,1210,1034141,1,61-64,TotalP_1
Nursing care,18,1156632,64257.333333333333,0,599759,1,61-64,TotalP_1
Term life,1754,70228157,40038.858038768529,0,4178822,1,61-64,TotalP_1
VL Endowment,27,14233115,527152.407407407407,12085,929100,1,61-64,TotalP_1
VL Whole life,93,137835119,1482098.053763440860,0,28724000,1,61-64,TotalP_1
Whole life,2497,425747112,170503.448938726472,0,48215230,1,61-64,TotalP_1
Annuity(Annuity Certain ),56,12202715,217905.625000000000,0,2000000,2,61-64,TotalP_1
Annuity(Whole Life Annuity With Guaranteed Installment ),2,708810,354405.000000000000,27466,681344,2,61-64,TotalP_1
Cancer,2319,35568616,15337.911168607158,0,701368,2,61-64,TotalP_1
Dread Disease T.L.,39,410488,10525.333333333333,2335,93396,2,61-64,TotalP_1
Dread Disease W.L.,175,3430165,19600.942857142857,0,432495,2,61-64,TotalP_1
Endowment,213,31622022,148460.197183098592,1860,1091464,2,61-64,TotalP_1
Female Disease,317,1878822,5926.8832807570977918,460,48330,2,61-64,TotalP_1
Inc. Dec. Term Life,9,37797394,4199710.444444444444,69705,8915140,2,61-64,TotalP_1
Injury,3,1180100,393366.666666666667,37640,1096020,2,61-64,TotalP_1
J.M.I.P,6,3463368,577228.000000000000,575220,580500,2,61-64,TotalP_1
Joint life,3,340938,113646.000000000000,14185,226120,2,61-64,TotalP_1
Joint life(Flexible),65,28622546,440346.861538461538,0,2945220,2,61-64,TotalP_1
Juvenile,129,3181911,24665.976744186047,3282,242006,2,61-64,TotalP_1
Medical,15067,279325449,18538.889559965487,0,1089550,2,61-64,TotalP_1
Medical（Coins） ,1,500,500.0000000000000000,500,500,2,61-64,TotalP_1
M.I.P,94,2464634,26219.510638297872,1590,937575,2,61-64,TotalP_1
Nursing care,9,640950,71216.666666666667,0,316240,2,61-64,TotalP_1
Term life,905,31936656,35289.122651933702,0,5214600,2,61-64,TotalP_1
VL Endowment,7,5142468,734638.285714285714,9368,2864160,2,61-64,TotalP_1
VL Whole life,106,121395870,1145244.056603773585,0,17000000,2,61-64,TotalP_1
Whole life,2749,472592168,171914.211713350309,0,38755380,2,61-64,TotalP_1
Annuity(Annuity Certain ),54,7132927,132091.240740740741,0,2000000,1,greater than 64,TotalP_1
Annuity(Whole Life Annuity With Guaranteed Installment ),3,128271,42757.000000000000,37758,50000,1,greater than 64,TotalP_1
Cancer,2796,104115749,37237.392346208870,0,776040,1,greater than 64,TotalP_1
Dread Disease T.L.,21,196765,9369.7619047619047619,3395,31105,1,greater than 64,TotalP_1
Dread Disease W.L.,104,3391034,32606.096153846154,0,582960,1,greater than 64,TotalP_1
Endowment,405,293513477,724724.634567901235,0,40170780,1,greater than 64,TotalP_1
Female Disease,54,282708,5235.3333333333333333,609,69555,1,greater than 64,TotalP_1
Inc. Dec. Term Life,46,31436679,683406.065217391304,3422,5860710,1,greater than 64,TotalP_1
Injury,67,10088446,150573.820895522388,3012,3276760,1,greater than 64,TotalP_1
J.M.I.P,4,1322529,330632.250000000000,38124,595416,1,greater than 64,TotalP_1
Joint life,1,60200,60200.000000000000,60200,60200,1,greater than 64,TotalP_1
Joint life(Flexible),165,137905268,835789.503030303030,0,12327190,1,greater than 64,TotalP_1
Juvenile,15,318016,21201.066666666667,4387,98993,1,greater than 64,TotalP_1
Medical,10036,199016614,19830.2724192905540056,0,1113300,1,greater than 64,TotalP_1
Medical（Coins） ,1,500,500.0000000000000000,500,500,1,greater than 64,TotalP_1
M.I.P,160,5921237,37007.731250000000,2040,696600,1,greater than 64,TotalP_1
Nursing care,4,81345,20336.250000000000,11665,23330,1,greater than 64,TotalP_1
Term life,1527,96424251,63146.202357563851,0,6222915,1,greater than 64,TotalP_1
VL Endowment,61,40020618,656075.704918032787,0,6993000,1,greater than 64,TotalP_1
VL Whole life,132,1072468890,8124764.318181818182,0,71810000,1,greater than 64,TotalP_1
Whole life,2985,683978170,229138.415410385260,0,30182950,1,greater than 64,TotalP_1
Annuity(Annuity Certain ),53,8230554,155293.471698113208,0,3653300,2,greater than 64,TotalP_1
Annuity(Whole Life Annuity With Guaranteed Installment ),3,6133557,2044519.000000000000,0,4947720,2,greater than 64,TotalP_1
Cancer,2461,43972464,17867.722064201544,928,331169,2,greater than 64,TotalP_1
Dread Disease T.L.,19,145376,7651.3684210526315789,3149,53824,2,greater than 64,TotalP_1
Dread Disease W.L.,128,3730968,29148.187500000000,0,383704,2,greater than 64,TotalP_1
Endowment,274,51740728,188834.773722627737,0,6662044,2,greater than 64,TotalP_1
Female Disease,105,586944,5589.9428571428571429,360,51530,2,greater than 64,TotalP_1
Inc. Dec. Term Life,2,213142,106571.000000000000,25408,187734,2,greater than 64,TotalP_1
Injury,10,1472885,147288.500000000000,3520,451375,2,greater than 64,TotalP_1
J.M.I.P,4,4221052,1055263.000000000000,574812,2463400,2,greater than 64,TotalP_1
Joint life,2,20693,10346.5000000000000000,0,20693,2,greater than 64,TotalP_1
Joint life(Flexible),216,181995906,842573.638888888889,0,17761600,2,greater than 64,TotalP_1
Juvenile,32,1143392,35731.000000000000,3378,162257,2,greater than 64,TotalP_1
Medical,15668,261842818,16711.949068164412,0,778934,2,greater than 64,TotalP_1
M.I.P,77,978252,12704.571428571429,1725,103820,2,greater than 64,TotalP_1
Nursing care,2,63535,31767.500000000000,25930,37605,2,greater than 64,TotalP_1
Term life,1038,38664152,37248.701348747592,0,3877400,2,greater than 64,TotalP_1
VL Endowment,9,333153489,37017054.333333333333,8239,100000000,2,greater than 64,TotalP_1
VL Whole life,168,688484311,4098120.898809523810,0,82449000,2,greater than 64,TotalP_1
Whole life,4241,1101295384,259678.232492336713,0,20857640,2,greater than 64,TotalP_1
Annuity(Annuity Certain ),374,0,0E-20,0,0,1,18-22,APL Cumulative Balance
Annuity(Whole Life Annuity With Guaranteed Installment ),15,0,0E-20,0,0,1,18-22,APL Cumulative Balance
Cancer,9492,0,0E-20,0,0,1,18-22,APL Cumulative Balance
Dread Disease T.L.,56,0,0E-20,0,0,1,18-22,APL Cumulative Balance
Dread Disease W.L.,1170,0,0E-20,0,0,1,18-22,APL Cumulative Balance
Endowment,265,0,0E-20,0,0,1,18-22,APL Cumulative Balance
Female Disease,33,0,0E-20,0,0,1,18-22,APL Cumulative Balance
Inc. Dec. Term Life,1,0,0E-20,0,0,1,18-22,APL Cumulative Balance
J.M.I.P,4,0,0E-20,0,0,1,18-22,APL Cumulative Balance
Joint life,11,0,0E-20,0,0,1,18-22,APL Cumulative Balance
Joint life(Flexible),56,0,0E-20,0,0,1,18-22,APL Cumulative Balance
Juvenile,490,0,0E-20,0,0,1,18-22,APL Cumulative Balance
Medical,24202,0,0E-24,0,0,1,18-22,APL Cumulative Balance
M.I.P,651,0,0E-20,0,0,1,18-22,APL Cumulative Balance
Nursing care,10,0,0E-20,0,0,1,18-22,APL Cumulative Balance
Term life,2183,0,0E-20,0,0,1,18-22,APL Cumulative Balance
VL Endowment,10,0,0E-20,0,0,1,18-22,APL Cumulative Balance
VL Whole life,300,0,0E-20,0,0,1,18-22,APL Cumulative Balance
Whole life,9723,0,0E-20,0,0,1,18-22,APL Cumulative Balance
Annuity(Annuity Certain ),342,0,0E-20,0,0,2,18-22,APL Cumulative Balance
Annuity(Whole Life Annuity With Guaranteed Installment ),9,0,0E-20,0,0,2,18-22,APL Cumulative Balance
Cancer,5863,0,0E-20,0,0,2,18-22,APL Cumulative Balance
Dread Disease T.L.,48,0,0E-20,0,0,2,18-22,APL Cumulative Balance
Dread Disease W.L.,816,0,0E-20,0,0,2,18-22,APL Cumulative Balance
Endowment,290,0,0E-20,0,0,2,18-22,APL Cumulative Balance
Female Disease,3710,0,0E-20,0,0,2,18-22,APL Cumulative Balance
J.M.I.P,2,0,0E-20,0,0,2,18-22,APL Cumulative Balance
Joint life,4,0,0E-20,0,0,2,18-22,APL Cumulative Balance
Joint life(Flexible),23,0,0E-20,0,0,2,18-22,APL Cumulative Balance
Juvenile,406,0,0E-20,0,0,2,18-22,APL Cumulative Balance
Medical,27549,0,0E-24,0,0,2,18-22,APL Cumulative Balance
M.I.P,123,0,0E-20,0,0,2,18-22,APL Cumulative Balance
Nursing care,15,0,0E-20,0,0,2,18-22,APL Cumulative Balance
Term life,1044,0,0E-20,0,0,2,18-22,APL Cumulative Balance
VL Endowment,10,0,0E-20,0,0,2,18-22,APL Cumulative Balance
VL Whole life,147,0,0E-20,0,0,2,18-22,APL Cumulative Balance
Whole life,5784,0,0E-20,0,0,2,18-22,APL Cumulative Balance
Annuity(Annuity Certain ),1814,0,0E-20,0,0,1,23-30,APL Cumulative Balance
Annuity(Whole Life Annuity With Guaranteed Installment ),60,0,0E-20,0,0,1,23-30,APL Cumulative Balance
Cancer,50157,0,0E-24,0,0,1,23-30,APL Cumulative Balance
Dread Disease T.L.,601,0,0E-20,0,0,1,23-30,APL Cumulative Balance
Dread Disease W.L.,5028,0,0E-20,0,0,1,23-30,APL Cumulative Balance
Endowment,887,0,0E-20,0,0,1,23-30,APL Cumulative Balance
Female Disease,936,0,0E-20,0,0,1,23-30,APL Cumulative Balance
Inc. Dec. Term Life,13,0,0E-20,0,0,1,23-30,APL Cumulative Balance
Injury,10,0,0E-20,0,0,1,23-30,APL Cumulative Balance
J.M.I.P,30,0,0E-20,0,0,1,23-30,APL Cumulative Balance
Joint life,248,0,0E-20,0,0,1,23-30,APL Cumulative Balance
Joint life(Flexible),530,0,0E-20,0,0,1,23-30,APL Cumulative Balance
Juvenile,5916,7257,1.2266734279918864,0,7257,1,23-30,APL Cumulative Balance
Maternity Insurance(or New Pregnant Woman Insurance),2,0,0E-20,0,0,1,23-30,APL Cumulative Balance
Medical,110643,0,0E-24,0,0,1,23-30,APL Cumulative Balance
M.I.P,16072,0,0E-24,0,0,1,23-30,APL Cumulative Balance
Nursing care,110,0,0E-20,0,0,1,23-30,APL Cumulative Balance
Term life,14829,0,0E-24,0,0,1,23-30,APL Cumulative Balance
VL Endowment,57,0,0E-20,0,0,1,23-30,APL Cumulative Balance
VL Whole life,2273,0,0E-20,0,0,1,23-30,APL Cumulative Balance
Whole life,39801,0,0E-24,0,0,1,23-30,APL Cumulative Balance
Annuity(Annuity Certain ),1379,0,0E-20,0,0,2,23-30,APL Cumulative Balance
Annuity(Whole Life Annuity With Guaranteed Installment ),40,0,0E-20,0,0,2,23-30,APL Cumulative Balance
Cancer,22168,0,0E-24,0,0,2,23-30,APL Cumulative Balance
Dread Disease T.L.,290,0,0E-20,0,0,2,23-30,APL Cumulative Balance
Dread Disease W.L.,2944,0,0E-20,0,0,2,23-30,APL Cumulative Balance
Endowment,836,0,0E-20,0,0,2,23-30,APL Cumulative Balance
Female Disease,14549,0,0E-24,0,0,2,23-30,APL Cumulative Balance
Inc. Dec. Term Life,5,0,0E-20,0,0,2,23-30,APL Cumulative Balance
Injury,1,0,0E-20,0,0,2,23-30,APL Cumulative Balance
J.M.I.P,5,0,0E-20,0,0,2,23-30,APL Cumulative Balance
Joint life,19,0,0E-20,0,0,2,23-30,APL Cumulative Balance
Joint life(Flexible),85,0,0E-20,0,0,2,23-30,APL Cumulative Balance
Juvenile,3004,0,0E-20,0,0,2,23-30,APL Cumulative Balance
Maternity Insurance(or New Pregnant Woman Insurance),3,0,0E-20,0,0,2,23-30,APL Cumulative Balance
Medical,115221,0,0E-24,0,0,2,23-30,APL Cumulative Balance
M.I.P,2337,0,0E-20,0,0,2,23-30,APL Cumulative Balance
Nursing care,27,0,0E-20,0,0,2,23-30,APL Cumulative Balance
Term life,3635,0,0E-20,0,0,2,23-30,APL Cumulative Balance
VL Endowment,39,0,0E-20,0,0,2,23-30,APL Cumulative Balance
VL Whole life,872,0,0E-20,0,0,2,23-30,APL Cumulative Balance
Whole life,17541,0,0E-24,0,0,2,23-30,APL Cumulative Balance
Annuity(Annuity Certain ),1980,1059116,534.9070707070707071,0,998417,1,31-40,APL Cumulative Balance
Annuity(Whole Life Annuity With Guaranteed Installment ),48,0,0E-20,0,0,1,31-40,APL Cumulative Balance
Cancer,50751,0,0E-24,0,0,1,31-40,APL Cumulative Balance
Dread Disease T.L.,1195,0,0E-20,0,0,1,31-40,APL Cumulative Balance
Dread Disease W.L.,5081,0,0E-20,0,0,1,31-40,APL Cumulative Balance
Endowment,1640,0,0E-20,0,0,1,31-40,APL Cumulative Balance
Female Disease,1361,0,0E-20,0,0,1,31-40,APL Cumulative Balance
Inc. Dec. Term Life,43,0,0E-20,0,0,1,31-40,APL Cumulative Balance
Injury,171,0,0E-20,0,0,1,31-40,APL Cumulative Balance
J.M.I.P,60,0,0E-20,0,0,1,31-40,APL Cumulative Balance
Joint life,320,0,0E-20,0,0,1,31-40,APL Cumulative Balance
Joint life(Flexible),694,0,0E-20,0,0,1,31-40,APL Cumulative Balance
Juvenile,7405,0,0E-20,0,0,1,31-40,APL Cumulative Balance
Medical,133044,0,0E-24,0,0,1,31-40,APL Cumulative Balance
M.I.P,27350,0,0E-24,0,0,1,31-40,APL Cumulative Balance
Nursing care,144,0,0E-20,0,0,1,31-40,APL Cumulative Balance
Term life,26636,0,0E-24,0,0,1,31-40,APL Cumulative Balance
VL Endowment,198,0,0E-20,0,0,1,31-40,APL Cumulative Balance
VL Whole life,2893,0,0E-20,0,0,1,31-40,APL Cumulative Balance
Whole life,42251,0,0E-24,0,0,1,31-40,APL Cumulative Balance
Annuity(Annuity Certain ),1481,0,0E-20,0,0,2,31-40,APL Cumulative Balance
Annuity(Whole Life Annuity With Guaranteed Installment ),29,0,0E-20,0,0,2,31-40,APL Cumulative Balance
Cancer,20864,0,0E-24,0,0,2,31-40,APL Cumulative Balance
Dread Disease T.L.,515,0,0E-20,0,0,2,31-40,APL Cumulative Balance
Dread Disease W.L.,2666,0,0E-20,0,0,2,31-40,APL Cumulative Balance
Endowment,1186,0,0E-20,0,0,2,31-40,APL Cumulative Balance
Female Disease,8695,0,0E-20,0,0,2,31-40,APL Cumulative Balance
Inc. Dec. Term Life,10,0,0E-20,0,0,2,31-40,APL Cumulative Balance
Injury,11,0,0E-20,0,0,2,31-40,APL Cumulative Balance
J.M.I.P,25,0,0E-20,0,0,2,31-40,APL Cumulative Balance
Joint life,34,0,0E-20,0,0,2,31-40,APL Cumulative Balance
Joint life(Flexible),218,0,0E-20,0,0,2,31-40,APL Cumulative Balance
Juvenile,3104,0,0E-20,0,0,2,31-40,APL Cumulative Balance
Maternity Insurance(or New Pregnant Woman Insurance),3,0,0E-20,0,0,2,31-40,APL Cumulative Balance
Medical,116310,0,0E-24,0,0,2,31-40,APL Cumulative Balance
Medical（Coins） ,1,0,0E-20,0,0,2,31-40,APL Cumulative Balance
M.I.P,4244,0,0E-20,0,0,2,31-40,APL Cumulative Balance
Nursing care,49,0,0E-20,0,0,2,31-40,APL Cumulative Balance
Term life,5932,0,0E-20,0,0,2,31-40,APL Cumulative Balance
VL Endowment,38,0,0E-20,0,0,2,31-40,APL Cumulative Balance
VL Whole life,937,0,0E-20,0,0,2,31-40,APL Cumulative Balance
Whole life,18857,1290,0.06840960916370578565,0,1290,2,31-40,APL Cumulative Balance
Annuity(Annuity Certain ),1493,0,0E-20,0,0,1,41-50,APL Cumulative Balance
Annuity(Whole Life Annuity With Guaranteed Installment ),36,0,0E-20,0,0,1,41-50,APL Cumulative Balance
Cancer,46480,0,0E-24,0,0,1,41-50,APL Cumulative Balance
Dread Disease T.L.,896,0,0E-20,0,0,1,41-50,APL Cumulative Balance
Dread Disease W.L.,2892,0,0E-20,0,0,1,41-50,APL Cumulative Balance
Endowment,2352,0,0E-20,0,0,1,41-50,APL Cumulative Balance
Female Disease,1413,0,0E-20,0,0,1,41-50,APL Cumulative Balance
Inc. Dec. Term Life,87,0,0E-20,0,0,1,41-50,APL Cumulative Balance
Injury,219,0,0E-20,0,0,1,41-50,APL Cumulative Balance
J.M.I.P,68,0,0E-20,0,0,1,41-50,APL Cumulative Balance
Joint life,160,0,0E-20,0,0,1,41-50,APL Cumulative Balance
Joint life(Flexible),529,0,0E-20,0,0,1,41-50,APL Cumulative Balance
Juvenile,1442,0,0E-20,0,0,1,41-50,APL Cumulative Balance
Medical,95416,2020,0.02117045359268885721,0,2020,1,41-50,APL Cumulative Balance
Medical（Coins） ,2,0,0E-20,0,0,1,41-50,APL Cumulative Balance
M.I.P,12150,0,0E-24,0,0,1,41-50,APL Cumulative Balance
Nursing care,90,0,0E-20,0,0,1,41-50,APL Cumulative Balance
Term life,21031,60390,2.8714754410156436,0,33657,1,41-50,APL Cumulative Balance
VL Endowment,96,0,0E-20,0,0,1,41-50,APL Cumulative Balance
VL Whole life,1390,0,0E-20,0,0,1,41-50,APL Cumulative Balance
Whole life,26663,0,0E-24,0,0,1,41-50,APL Cumulative Balance
Annuity(Annuity Certain ),1329,0,0E-20,0,0,2,41-50,APL Cumulative Balance
Annuity(Whole Life Annuity With Guaranteed Installment ),29,0,0E-20,0,0,2,41-50,APL Cumulative Balance
Cancer,19946,0,0E-24,0,0,2,41-50,APL Cumulative Balance
Dread Disease T.L.,466,0,0E-20,0,0,2,41-50,APL Cumulative Balance
Dread Disease W.L.,1890,0,0E-20,0,0,2,41-50,APL Cumulative Balance
Endowment,1044,0,0E-20,0,0,2,41-50,APL Cumulative Balance
Female Disease,4640,0,0E-20,0,0,2,41-50,APL Cumulative Balance
Inc. Dec. Term Life,17,0,0E-20,0,0,2,41-50,APL Cumulative Balance
Injury,28,0,0E-20,0,0,2,41-50,APL Cumulative Balance
J.M.I.P,48,0,0E-20,0,0,2,41-50,APL Cumulative Balance
Joint life,38,0,0E-20,0,0,2,41-50,APL Cumulative Balance
Joint life(Flexible),265,0,0E-20,0,0,2,41-50,APL Cumulative Balance
Juvenile,514,0,0E-20,0,0,2,41-50,APL Cumulative Balance
Medical,78540,0,0E-24,0,0,2,41-50,APL Cumulative Balance
Medical（Coins） ,2,0,0E-20,0,0,2,41-50,APL Cumulative Balance
M.I.P,2015,0,0E-20,0,0,2,41-50,APL Cumulative Balance
Nursing care,60,0,0E-20,0,0,2,41-50,APL Cumulative Balance
Term life,5716,0,0E-20,0,0,2,41-50,APL Cumulative Balance
VL Endowment,44,0,0E-20,0,0,2,41-50,APL Cumulative Balance
VL Whole life,652,0,0E-20,0,0,2,41-50,APL Cumulative Balance
Whole life,16245,3606,0.22197599261311172669,0,2340,2,41-50,APL Cumulative Balance
Annuity(Annuity Certain ),686,0,0E-20,0,0,1,51-60,APL Cumulative Balance
Annuity(Whole Life Annuity With Guaranteed Installment ),15,0,0E-20,0,0,1,51-60,APL Cumulative Balance
Cancer,28900,0,0E-24,0,0,1,51-60,APL Cumulative Balance
Dread Disease T.L.,395,0,0E-20,0,0,1,51-60,APL Cumulative Balance
Dread Disease W.L.,1710,0,0E-20,0,0,1,51-60,APL Cumulative Balance
Endowment,1640,0,0E-20,0,0,1,51-60,APL Cumulative Balance
Female Disease,743,0,0E-20,0,0,1,51-60,APL Cumulative Balance
Inc. Dec. Term Life,137,0,0E-20,0,0,1,51-60,APL Cumulative Balance
Injury,375,0,0E-20,0,0,1,51-60,APL Cumulative Balance
J.M.I.P,26,0,0E-20,0,0,1,51-60,APL Cumulative Balance
Joint life,61,0,0E-20,0,0,1,51-60,APL Cumulative Balance
Joint life(Flexible),398,0,0E-20,0,0,1,51-60,APL Cumulative Balance
Juvenile,268,0,0E-20,0,0,1,51-60,APL Cumulative Balance
Medical,60843,0,0E-24,0,0,1,51-60,APL Cumulative Balance
Medical（Coins） ,2,0,0E-20,0,0,1,51-60,APL Cumulative Balance
M.I.P,3623,0,0E-20,0,0,1,51-60,APL Cumulative Balance
Nursing care,50,0,0E-20,0,0,1,51-60,APL Cumulative Balance
Term life,12556,30423,2.4229850270786875,0,16977,1,51-60,APL Cumulative Balance
VL Endowment,92,0,0E-20,0,0,1,51-60,APL Cumulative Balance
VL Whole life,640,0,0E-20,0,0,1,51-60,APL Cumulative Balance
Whole life,13600,60854,4.4745588235294118,0,60854,1,51-60,APL Cumulative Balance
Annuity(Annuity Certain ),681,0,0E-20,0,0,2,51-60,APL Cumulative Balance
Annuity(Whole Life Annuity With Guaranteed Installment ),19,0,0E-20,0,0,2,51-60,APL Cumulative Balance
Cancer,13831,0,0E-24,0,0,2,51-60,APL Cumulative Balance
Dread Disease T.L.,286,0,0E-20,0,0,2,51-60,APL Cumulative Balance
Dread Disease W.L.,1313,0,0E-20,0,0,2,51-60,APL Cumulative Balance
Endowment,710,0,0E-20,0,0,2,51-60,APL Cumulative Balance
Female Disease,2079,0,0E-20,0,0,2,51-60,APL Cumulative Balance
Inc. Dec. Term Life,24,0,0E-20,0,0,2,51-60,APL Cumulative Balance
Injury,8,0,0E-20,0,0,2,51-60,APL Cumulative Balance
J.M.I.P,28,0,0E-20,0,0,2,51-60,APL Cumulative Balance
Joint life,4,0,0E-20,0,0,2,51-60,APL Cumulative Balance
Joint life(Flexible),270,0,0E-20,0,0,2,51-60,APL Cumulative Balance
Juvenile,479,0,0E-20,0,0,2,51-60,APL Cumulative Balance
Medical,56401,0,0E-24,0,0,2,51-60,APL Cumulative Balance
Medical（Coins） ,4,0,0E-20,0,0,2,51-60,APL Cumulative Balance
M.I.P,703,0,0E-20,0,0,2,51-60,APL Cumulative Balance
Nursing care,68,0,0E-20,0,0,2,51-60,APL Cumulative Balance
Term life,4155,9249,2.2259927797833935,0,9249,2,51-60,APL Cumulative Balance
VL Endowment,27,0,0E-20,0,0,2,51-60,APL Cumulative Balance
VL Whole life,480,0,0E-20,0,0,2,51-60,APL Cumulative Balance
Whole life,11398,0,0E-24,0,0,2,51-60,APL Cumulative Balance
Annuity(Annuity Certain ),64,0,0E-20,0,0,1,61-64,APL Cumulative Balance
Annuity(Whole Life Annuity With Guaranteed Installment ),4,0,0E-20,0,0,1,61-64,APL Cumulative Balance
Cancer,3260,0,0E-20,0,0,1,61-64,APL Cumulative Balance
Dread Disease T.L.,43,0,0E-20,0,0,1,61-64,APL Cumulative Balance
Dread Disease W.L.,179,0,0E-20,0,0,1,61-64,APL Cumulative Balance
Endowment,431,0,0E-20,0,0,1,61-64,APL Cumulative Balance
Female Disease,55,0,0E-20,0,0,1,61-64,APL Cumulative Balance
Inc. Dec. Term Life,49,0,0E-20,0,0,1,61-64,APL Cumulative Balance
Injury,81,0,0E-20,0,0,1,61-64,APL Cumulative Balance
J.M.I.P,8,0,0E-20,0,0,1,61-64,APL Cumulative Balance
Joint life,10,0,0E-20,0,0,1,61-64,APL Cumulative Balance
Joint life(Flexible),82,0,0E-20,0,0,1,61-64,APL Cumulative Balance
Juvenile,65,0,0E-20,0,0,1,61-64,APL Cumulative Balance
Medical,12439,0,0E-24,0,0,1,61-64,APL Cumulative Balance
Medical（Coins） ,3,0,0E-20,0,0,1,61-64,APL Cumulative Balance
M.I.P,293,0,0E-20,0,0,1,61-64,APL Cumulative Balance
Nursing care,18,0,0E-20,0,0,1,61-64,APL Cumulative Balance
Term life,1754,0,0E-20,0,0,1,61-64,APL Cumulative Balance
VL Endowment,27,0,0E-20,0,0,1,61-64,APL Cumulative Balance
VL Whole life,93,0,0E-20,0,0,1,61-64,APL Cumulative Balance
Whole life,2497,0,0E-20,0,0,1,61-64,APL Cumulative Balance
Annuity(Annuity Certain ),56,0,0E-20,0,0,2,61-64,APL Cumulative Balance
Annuity(Whole Life Annuity With Guaranteed Installment ),2,0,0E-20,0,0,2,61-64,APL Cumulative Balance
Cancer,2319,0,0E-20,0,0,2,61-64,APL Cumulative Balance
Dread Disease T.L.,39,0,0E-20,0,0,2,61-64,APL Cumulative Balance
Dread Disease W.L.,175,0,0E-20,0,0,2,61-64,APL Cumulative Balance
Endowment,213,0,0E-20,0,0,2,61-64,APL Cumulative Balance
Female Disease,317,0,0E-20,0,0,2,61-64,APL Cumulative Balance
Inc. Dec. Term Life,9,0,0E-20,0,0,2,61-64,APL Cumulative Balance
Injury,3,0,0E-20,0,0,2,61-64,APL Cumulative Balance
J.M.I.P,6,0,0E-20,0,0,2,61-64,APL Cumulative Balance
Joint life,3,0,0E-20,0,0,2,61-64,APL Cumulative Balance
Joint life(Flexible),65,0,0E-20,0,0,2,61-64,APL Cumulative Balance
Juvenile,129,0,0E-20,0,0,2,61-64,APL Cumulative Balance
Medical,15067,0,0E-24,0,0,2,61-64,APL Cumulative Balance
Medical（Coins） ,1,0,0E-20,0,0,2,61-64,APL Cumulative Balance
M.I.P,94,0,0E-20,0,0,2,61-64,APL Cumulative Balance
Nursing care,9,0,0E-20,0,0,2,61-64,APL Cumulative Balance
Term life,905,0,0E-20,0,0,2,61-64,APL Cumulative Balance
VL Endowment,7,0,0E-20,0,0,2,61-64,APL Cumulative Balance
VL Whole life,106,0,0E-20,0,0,2,61-64,APL Cumulative Balance
Whole life,2749,0,0E-20,0,0,2,61-64,APL Cumulative Balance
Annuity(Annuity Certain ),54,0,0E-20,0,0,1,greater than 64,APL Cumulative Balance
Annuity(Whole Life Annuity With Guaranteed Installment ),3,0,0E-20,0,0,1,greater than 64,APL Cumulative Balance
Cancer,2796,0,0E-20,0,0,1,greater than 64,APL Cumulative Balance
Dread Disease T.L.,21,0,0E-20,0,0,1,greater than 64,APL Cumulative Balance
Dread Disease W.L.,104,0,0E-20,0,0,1,greater than 64,APL Cumulative Balance
Endowment,405,0,0E-20,0,0,1,greater than 64,APL Cumulative Balance
Female Disease,54,0,0E-20,0,0,1,greater than 64,APL Cumulative Balance
Inc. Dec. Term Life,46,0,0E-20,0,0,1,greater than 64,APL Cumulative Balance
Injury,67,0,0E-20,0,0,1,greater than 64,APL Cumulative Balance
J.M.I.P,4,0,0E-20,0,0,1,greater than 64,APL Cumulative Balance
Joint life,1,0,0E-20,0,0,1,greater than 64,APL Cumulative Balance
Joint life(Flexible),165,0,0E-20,0,0,1,greater than 64,APL Cumulative Balance
Juvenile,15,0,0E-20,0,0,1,greater than 64,APL Cumulative Balance
Medical,10036,0,0E-24,0,0,1,greater than 64,APL Cumulative Balance
Medical（Coins） ,1,0,0E-20,0,0,1,greater than 64,APL Cumulative Balance
M.I.P,160,0,0E-20,0,0,1,greater than 64,APL Cumulative Balance
Nursing care,4,0,0E-20,0,0,1,greater than 64,APL Cumulative Balance
Term life,1527,0,0E-20,0,0,1,greater than 64,APL Cumulative Balance
VL Endowment,61,0,0E-20,0,0,1,greater than 64,APL Cumulative Balance
VL Whole life,132,0,0E-20,0,0,1,greater than 64,APL Cumulative Balance
Whole life,2985,0,0E-20,0,0,1,greater than 64,APL Cumulative Balance
Annuity(Annuity Certain ),53,0,0E-20,0,0,2,greater than 64,APL Cumulative Balance
Annuity(Whole Life Annuity With Guaranteed Installment ),3,0,0E-20,0,0,2,greater than 64,APL Cumulative Balance
Cancer,2461,0,0E-20,0,0,2,greater than 64,APL Cumulative Balance
Dread Disease T.L.,19,0,0E-20,0,0,2,greater than 64,APL Cumulative Balance
Dread Disease W.L.,128,0,0E-20,0,0,2,greater than 64,APL Cumulative Balance
Endowment,274,0,0E-20,0,0,2,greater than 64,APL Cumulative Balance
Female Disease,105,0,0E-20,0,0,2,greater than 64,APL Cumulative Balance
Inc. Dec. Term Life,2,0,0E-20,0,0,2,greater than 64,APL Cumulative Balance
Injury,10,0,0E-20,0,0,2,greater than 64,APL Cumulative Balance
J.M.I.P,4,0,0E-20,0,0,2,greater than 64,APL Cumulative Balance
Joint life,2,0,0E-20,0,0,2,greater than 64,APL Cumulative Balance
Joint life(Flexible),216,0,0E-20,0,0,2,greater than 64,APL Cumulative Balance
Juvenile,32,0,0E-20,0,0,2,greater than 64,APL Cumulative Balance
Medical,15668,0,0E-24,0,0,2,greater than 64,APL Cumulative Balance
M.I.P,77,0,0E-20,0,0,2,greater than 64,APL Cumulative Balance
Nursing care,2,0,0E-20,0,0,2,greater than 64,APL Cumulative Balance
Term life,1038,0,0E-20,0,0,2,greater than 64,APL Cumulative Balance
VL Endowment,9,0,0E-20,0,0,2,greater than 64,APL Cumulative Balance
VL Whole life,168,0,0E-20,0,0,2,greater than 64,APL Cumulative Balance
Whole life,4241,0,0E-20,0,0,2,greater than 64,APL Cumulative Balance
Annuity(Annuity Certain ),374,60,0.16042780748663101604,0,9,1,18-22,APL Number of Payment
Annuity(Whole Life Annuity With Guaranteed Installment ),15,1,0.06666666666666666667,0,1,1,18-22,APL Number of Payment
Cancer,9492,0,0E-20,0,0,1,18-22,APL Number of Payment
Dread Disease T.L.,56,0,0E-20,0,0,1,18-22,APL Number of Payment
Dread Disease W.L.,1170,177,0.15128205128205128205,0,8,1,18-22,APL Number of Payment
Endowment,265,24,0.09056603773584905660,0,3,1,18-22,APL Number of Payment
Female Disease,33,0,0E-20,0,0,1,18-22,APL Number of Payment
Inc. Dec. Term Life,1,0,0E-20,0,0,1,18-22,APL Number of Payment
J.M.I.P,4,0,0E-20,0,0,1,18-22,APL Number of Payment
Joint life,11,0,0E-20,0,0,1,18-22,APL Number of Payment
Joint life(Flexible),56,1,0.01785714285714285714,0,1,1,18-22,APL Number of Payment
Juvenile,490,108,0.22040816326530612245,0,8,1,18-22,APL Number of Payment
Medical,24202,34,0.00140484257499380217,0,2,1,18-22,APL Number of Payment
M.I.P,651,0,0E-20,0,0,1,18-22,APL Number of Payment
Nursing care,10,0,0E-20,0,0,1,18-22,APL Number of Payment
Term life,2183,10,0.00458085203847915712,0,1,1,18-22,APL Number of Payment
VL Endowment,10,0,0E-20,0,0,1,18-22,APL Number of Payment
VL Whole life,300,0,0E-20,0,0,1,18-22,APL Number of Payment
Whole life,9723,1070,0.11004833899002365525,0,19,1,18-22,APL Number of Payment
Annuity(Annuity Certain ),342,36,0.10526315789473684211,0,3,2,18-22,APL Number of Payment
Annuity(Whole Life Annuity With Guaranteed Installment ),9,0,0E-20,0,0,2,18-22,APL Number of Payment
Cancer,5863,0,0E-20,0,0,2,18-22,APL Number of Payment
Dread Disease T.L.,48,0,0E-20,0,0,2,18-22,APL Number of Payment
Dread Disease W.L.,816,73,0.08946078431372549020,0,3,2,18-22,APL Number of Payment
Endowment,290,31,0.10689655172413793103,0,4,2,18-22,APL Number of Payment
Female Disease,3710,0,0E-20,0,0,2,18-22,APL Number of Payment
J.M.I.P,2,0,0E-20,0,0,2,18-22,APL Number of Payment
Joint life,4,0,0E-20,0,0,2,18-22,APL Number of Payment
Joint life(Flexible),23,0,0E-20,0,0,2,18-22,APL Number of Payment
Juvenile,406,127,0.31280788177339901478,0,5,2,18-22,APL Number of Payment
Medical,27549,29,0.00105266978837707358,0,4,2,18-22,APL Number of Payment
M.I.P,123,0,0E-20,0,0,2,18-22,APL Number of Payment
Nursing care,15,0,0E-20,0,0,2,18-22,APL Number of Payment
Term life,1044,2,0.00191570881226053640,0,1,2,18-22,APL Number of Payment
VL Endowment,10,0,0E-20,0,0,2,18-22,APL Number of Payment
VL Whole life,147,0,0E-20,0,0,2,18-22,APL Number of Payment
Whole life,5784,515,0.08903872752420470263,0,8,2,18-22,APL Number of Payment
Annuity(Annuity Certain ),1814,218,0.12017640573318632856,0,6,1,23-30,APL Number of Payment
Annuity(Whole Life Annuity With Guaranteed Installment ),60,8,0.13333333333333333333,0,2,1,23-30,APL Number of Payment
Cancer,50157,0,0E-24,0,0,1,23-30,APL Number of Payment
Dread Disease T.L.,601,0,0E-20,0,0,1,23-30,APL Number of Payment
Dread Disease W.L.,5028,543,0.10799522673031026253,0,7,1,23-30,APL Number of Payment
Endowment,887,82,0.09244644870349492672,0,8,1,23-30,APL Number of Payment
Female Disease,936,0,0E-20,0,0,1,23-30,APL Number of Payment
Inc. Dec. Term Life,13,2,0.15384615384615384615,0,1,1,23-30,APL Number of Payment
Injury,10,0,0E-20,0,0,1,23-30,APL Number of Payment
J.M.I.P,30,2,0.06666666666666666667,0,1,1,23-30,APL Number of Payment
Joint life,248,17,0.06854838709677419355,0,2,1,23-30,APL Number of Payment
Joint life(Flexible),530,37,0.06981132075471698113,0,3,1,23-30,APL Number of Payment
Juvenile,5916,1138,0.19235970250169033130,0,23,1,23-30,APL Number of Payment
Maternity Insurance(or New Pregnant Woman Insurance),2,0,0E-20,0,0,1,23-30,APL Number of Payment
Medical,110643,119,0.00107553121300037056,0,3,1,23-30,APL Number of Payment
M.I.P,16072,0,0E-24,0,0,1,23-30,APL Number of Payment
Nursing care,110,0,0E-20,0,0,1,23-30,APL Number of Payment
Term life,14829,96,0.00647380133522152539,0,5,1,23-30,APL Number of Payment
VL Endowment,57,0,0E-20,0,0,1,23-30,APL Number of Payment
VL Whole life,2273,0,0E-20,0,0,1,23-30,APL Number of Payment
Whole life,39801,4146,0.10416823697897037763,0,14,1,23-30,APL Number of Payment
Annuity(Annuity Certain ),1379,160,0.11602610587382160986,0,8,2,23-30,APL Number of Payment
Annuity(Whole Life Annuity With Guaranteed Installment ),40,29,0.72500000000000000000,0,22,2,23-30,APL Number of Payment
Cancer,22168,0,0E-24,0,0,2,23-30,APL Number of Payment
Dread Disease T.L.,290,0,0E-20,0,0,2,23-30,APL Number of Payment
Dread Disease W.L.,2944,216,0.07336956521739130435,0,4,2,23-30,APL Number of Payment
Endowment,836,52,0.06220095693779904306,0,3,2,23-30,APL Number of Payment
Female Disease,14549,0,0E-24,0,0,2,23-30,APL Number of Payment
Inc. Dec. Term Life,5,0,0E-20,0,0,2,23-30,APL Number of Payment
Injury,1,0,0E-20,0,0,2,23-30,APL Number of Payment
J.M.I.P,5,0,0E-20,0,0,2,23-30,APL Number of Payment
Joint life,19,1,0.05263157894736842105,0,1,2,23-30,APL Number of Payment
Joint life(Flexible),85,7,0.08235294117647058824,0,2,2,23-30,APL Number of Payment
Juvenile,3004,786,0.26165113182423435419,0,21,2,23-30,APL Number of Payment
Maternity Insurance(or New Pregnant Woman Insurance),3,0,0E-20,0,0,2,23-30,APL Number of Payment
Medical,115221,40,0.00034715893804080853,0,2,2,23-30,APL Number of Payment
M.I.P,2337,0,0E-20,0,0,2,23-30,APL Number of Payment
Nursing care,27,0,0E-20,0,0,2,23-30,APL Number of Payment
Term life,3635,24,0.00660247592847317744,0,4,2,23-30,APL Number of Payment
VL Endowment,39,0,0E-20,0,0,2,23-30,APL Number of Payment
VL Whole life,872,0,0E-20,0,0,2,23-30,APL Number of Payment
Whole life,17541,1413,0.08055413032324268856,0,11,2,23-30,APL Number of Payment
Annuity(Annuity Certain ),1980,260,0.13131313131313131313,0,5,1,31-40,APL Number of Payment
Annuity(Whole Life Annuity With Guaranteed Installment ),48,9,0.18750000000000000000,0,2,1,31-40,APL Number of Payment
Cancer,50751,0,0E-24,0,0,1,31-40,APL Number of Payment
Dread Disease T.L.,1195,0,0E-20,0,0,1,31-40,APL Number of Payment
Dread Disease W.L.,5081,606,0.11926786065735091517,0,7,1,31-40,APL Number of Payment
Endowment,1640,92,0.05609756097560975610,0,3,1,31-40,APL Number of Payment
Female Disease,1361,0,0E-20,0,0,1,31-40,APL Number of Payment
Inc. Dec. Term Life,43,3,0.06976744186046511628,0,1,1,31-40,APL Number of Payment
Injury,171,1,0.00584795321637426901,0,1,1,31-40,APL Number of Payment
J.M.I.P,60,8,0.13333333333333333333,0,2,1,31-40,APL Number of Payment
Joint life,320,50,0.15625000000000000000,0,8,1,31-40,APL Number of Payment
Joint life(Flexible),694,67,0.09654178674351585014,0,2,1,31-40,APL Number of Payment
Juvenile,7405,1439,0.19432815665091154625,0,12,1,31-40,APL Number of Payment
Medical,133044,197,0.00148071314753014040,0,3,1,31-40,APL Number of Payment
M.I.P,27350,0,0E-24,0,0,1,31-40,APL Number of Payment
Nursing care,144,0,0E-20,0,0,1,31-40,APL Number of Payment
Term life,26636,337,0.01265204985733593633,0,36,1,31-40,APL Number of Payment
VL Endowment,198,0,0E-20,0,0,1,31-40,APL Number of Payment
VL Whole life,2893,0,0E-20,0,0,1,31-40,APL Number of Payment
Whole life,42251,5384,0.12742893659321672860,0,30,1,31-40,APL Number of Payment
Annuity(Annuity Certain ),1481,144,0.09723160027008777853,0,5,2,31-40,APL Number of Payment
Annuity(Whole Life Annuity With Guaranteed Installment ),29,0,0E-20,0,0,2,31-40,APL Number of Payment
Cancer,20864,0,0E-24,0,0,2,31-40,APL Number of Payment
Dread Disease T.L.,515,0,0E-20,0,0,2,31-40,APL Number of Payment
Dread Disease W.L.,2666,270,0.10127531882970742686,0,6,2,31-40,APL Number of Payment
Endowment,1186,92,0.07757166947723440135,0,10,2,31-40,APL Number of Payment
Female Disease,8695,0,0E-20,0,0,2,31-40,APL Number of Payment
Inc. Dec. Term Life,10,0,0E-20,0,0,2,31-40,APL Number of Payment
Injury,11,0,0E-20,0,0,2,31-40,APL Number of Payment
J.M.I.P,25,2,0.08000000000000000000,0,2,2,31-40,APL Number of Payment
Joint life,34,5,0.14705882352941176471,0,3,2,31-40,APL Number of Payment
Joint life(Flexible),218,14,0.06422018348623853211,0,2,2,31-40,APL Number of Payment
Juvenile,3104,780,0.25128865979381443299,0,15,2,31-40,APL Number of Payment
Maternity Insurance(or New Pregnant Woman Insurance),3,0,0E-20,0,0,2,31-40,APL Number of Payment
Medical,116310,98,0.00084257587481729860,0,2,2,31-40,APL Number of Payment
Medical（Coins） ,1,0,0E-20,0,0,2,31-40,APL Number of Payment
M.I.P,4244,0,0E-20,0,0,2,31-40,APL Number of Payment
Nursing care,49,0,0E-20,0,0,2,31-40,APL Number of Payment
Term life,5932,78,0.01314902225219150371,0,3,2,31-40,APL Number of Payment
VL Endowment,38,0,0E-20,0,0,2,31-40,APL Number of Payment
VL Whole life,937,0,0E-20,0,0,2,31-40,APL Number of Payment
Whole life,18857,2010,0.10659171660391366601,0,16,2,31-40,APL Number of Payment
Annuity(Annuity Certain ),1493,171,0.11453449430676490288,0,6,1,41-50,APL Number of Payment
Annuity(Whole Life Annuity With Guaranteed Installment ),36,8,0.22222222222222222222,0,6,1,41-50,APL Number of Payment
Cancer,46480,0,0E-24,0,0,1,41-50,APL Number of Payment
Dread Disease T.L.,896,0,0E-20,0,0,1,41-50,APL Number of Payment
Dread Disease W.L.,2892,388,0.13416320885200553250,0,15,1,41-50,APL Number of Payment
Endowment,2352,110,0.04676870748299319728,0,3,1,41-50,APL Number of Payment
Female Disease,1413,0,0E-20,0,0,1,41-50,APL Number of Payment
Inc. Dec. Term Life,87,1,0.01149425287356321839,0,1,1,41-50,APL Number of Payment
Injury,219,1,0.00456621004566210046,0,1,1,41-50,APL Number of Payment
J.M.I.P,68,5,0.07352941176470588235,0,1,1,41-50,APL Number of Payment
Joint life,160,26,0.16250000000000000000,0,4,1,41-50,APL Number of Payment
Joint life(Flexible),529,56,0.10586011342155009452,0,4,1,41-50,APL Number of Payment
Juvenile,1442,361,0.25034674063800277393,0,8,1,41-50,APL Number of Payment
Medical,95416,167,0.00175023056929655404,0,4,1,41-50,APL Number of Payment
Medical（Coins） ,2,0,0E-20,0,0,1,41-50,APL Number of Payment
M.I.P,12150,0,0E-24,0,0,1,41-50,APL Number of Payment
Nursing care,90,0,0E-20,0,0,1,41-50,APL Number of Payment
Term life,21031,425,0.02020826399125101041,0,6,1,41-50,APL Number of Payment
VL Endowment,96,0,0E-20,0,0,1,41-50,APL Number of Payment
VL Whole life,1390,0,0E-20,0,0,1,41-50,APL Number of Payment
Whole life,26663,3673,0.13775644151070772231,0,15,1,41-50,APL Number of Payment
Annuity(Annuity Certain ),1329,151,0.11361926260346124906,0,13,2,41-50,APL Number of Payment
Annuity(Whole Life Annuity With Guaranteed Installment ),29,3,0.10344827586206896552,0,1,2,41-50,APL Number of Payment
Cancer,19946,0,0E-24,0,0,2,41-50,APL Number of Payment
Dread Disease T.L.,466,0,0E-20,0,0,2,41-50,APL Number of Payment
Dread Disease W.L.,1890,212,0.11216931216931216931,0,4,2,41-50,APL Number of Payment
Endowment,1044,82,0.07854406130268199234,0,5,2,41-50,APL Number of Payment
Female Disease,4640,0,0E-20,0,0,2,41-50,APL Number of Payment
Inc. Dec. Term Life,17,0,0E-20,0,0,2,41-50,APL Number of Payment
Injury,28,2,0.07142857142857142857,0,1,2,41-50,APL Number of Payment
J.M.I.P,48,4,0.08333333333333333333,0,1,2,41-50,APL Number of Payment
Joint life,38,3,0.07894736842105263158,0,1,2,41-50,APL Number of Payment
Joint life(Flexible),265,18,0.06792452830188679245,0,3,2,41-50,APL Number of Payment
Juvenile,514,154,0.29961089494163424125,0,18,2,41-50,APL Number of Payment
Medical,78540,102,0.00129870129870129870,0,3,2,41-50,APL Number of Payment
Medical（Coins） ,2,0,0E-20,0,0,2,41-50,APL Number of Payment
M.I.P,2015,0,0E-20,0,0,2,41-50,APL Number of Payment
Nursing care,60,0,0E-20,0,0,2,41-50,APL Number of Payment
Term life,5716,92,0.01609517144856543037,0,13,2,41-50,APL Number of Payment
VL Endowment,44,0,0E-20,0,0,2,41-50,APL Number of Payment
VL Whole life,652,0,0E-20,0,0,2,41-50,APL Number of Payment
Whole life,16245,1811,0.11148045552477685442,0,11,2,41-50,APL Number of Payment
Annuity(Annuity Certain ),686,93,0.13556851311953352770,0,15,1,51-60,APL Number of Payment
Annuity(Whole Life Annuity With Guaranteed Installment ),15,0,0E-20,0,0,1,51-60,APL Number of Payment
Cancer,28900,0,0E-24,0,0,1,51-60,APL Number of Payment
Dread Disease T.L.,395,0,0E-20,0,0,1,51-60,APL Number of Payment
Dread Disease W.L.,1710,243,0.14210526315789473684,0,17,1,51-60,APL Number of Payment
Endowment,1640,63,0.03841463414634146341,0,6,1,51-60,APL Number of Payment
Female Disease,743,0,0E-20,0,0,1,51-60,APL Number of Payment
Inc. Dec. Term Life,137,3,0.02189781021897810219,0,1,1,51-60,APL Number of Payment
Injury,375,4,0.01066666666666666667,0,1,1,51-60,APL Number of Payment
J.M.I.P,26,2,0.07692307692307692308,0,1,1,51-60,APL Number of Payment
Joint life,61,8,0.13114754098360655738,0,2,1,51-60,APL Number of Payment
Joint life(Flexible),398,35,0.08793969849246231156,0,3,1,51-60,APL Number of Payment
Juvenile,268,47,0.17537313432835820896,0,6,1,51-60,APL Number of Payment
Medical,60843,81,0.00133129530102065973,0,2,1,51-60,APL Number of Payment
Medical（Coins） ,2,0,0E-20,0,0,1,51-60,APL Number of Payment
M.I.P,3623,0,0E-20,0,0,1,51-60,APL Number of Payment
Nursing care,50,0,0E-20,0,0,1,51-60,APL Number of Payment
Term life,12556,434,0.03456514813634915578,0,12,1,51-60,APL Number of Payment
VL Endowment,92,0,0E-20,0,0,1,51-60,APL Number of Payment
VL Whole life,640,0,0E-20,0,0,1,51-60,APL Number of Payment
Whole life,13600,1977,0.14536764705882352941,0,24,1,51-60,APL Number of Payment
Annuity(Annuity Certain ),681,74,0.10866372980910425844,0,4,2,51-60,APL Number of Payment
Annuity(Whole Life Annuity With Guaranteed Installment ),19,2,0.10526315789473684211,0,1,2,51-60,APL Number of Payment
Cancer,13831,0,0E-24,0,0,2,51-60,APL Number of Payment
Dread Disease T.L.,286,0,0E-20,0,0,2,51-60,APL Number of Payment
Dread Disease W.L.,1313,153,0.11652703731911652704,0,17,2,51-60,APL Number of Payment
Endowment,710,33,0.04647887323943661972,0,3,2,51-60,APL Number of Payment
Female Disease,2079,0,0E-20,0,0,2,51-60,APL Number of Payment
Inc. Dec. Term Life,24,0,0E-20,0,0,2,51-60,APL Number of Payment
Injury,8,2,0.25000000000000000000,0,2,2,51-60,APL Number of Payment
J.M.I.P,28,1,0.03571428571428571429,0,1,2,51-60,APL Number of Payment
Joint life,4,1,0.25000000000000000000,0,1,2,51-60,APL Number of Payment
Joint life(Flexible),270,31,0.11481481481481481481,0,2,2,51-60,APL Number of Payment
Juvenile,479,61,0.12734864300626304802,0,4,2,51-60,APL Number of Payment
Medical,56401,70,0.00124111274622790376,0,3,2,51-60,APL Number of Payment
Medical（Coins） ,4,0,0E-20,0,0,2,51-60,APL Number of Payment
M.I.P,703,0,0E-20,0,0,2,51-60,APL Number of Payment
Nursing care,68,0,0E-20,0,0,2,51-60,APL Number of Payment
Term life,4155,129,0.03104693140794223827,0,4,2,51-60,APL Number of Payment
VL Endowment,27,0,0E-20,0,0,2,51-60,APL Number of Payment
VL Whole life,480,0,0E-20,0,0,2,51-60,APL Number of Payment
Whole life,11398,1158,0.10159677136339708721,0,7,2,51-60,APL Number of Payment
Annuity(Annuity Certain ),64,14,0.21875000000000000000,0,2,1,61-64,APL Number of Payment
Annuity(Whole Life Annuity With Guaranteed Installment ),4,0,0E-20,0,0,1,61-64,APL Number of Payment
Cancer,3260,0,0E-20,0,0,1,61-64,APL Number of Payment
Dread Disease T.L.,43,0,0E-20,0,0,1,61-64,APL Number of Payment
Dread Disease W.L.,179,22,0.12290502793296089385,0,3,1,61-64,APL Number of Payment
Endowment,431,8,0.01856148491879350348,0,1,1,61-64,APL Number of Payment
Female Disease,55,0,0E-20,0,0,1,61-64,APL Number of Payment
Inc. Dec. Term Life,49,0,0E-20,0,0,1,61-64,APL Number of Payment
Injury,81,0,0E-20,0,0,1,61-64,APL Number of Payment
J.M.I.P,8,0,0E-20,0,0,1,61-64,APL Number of Payment
Joint life,10,0,0E-20,0,0,1,61-64,APL Number of Payment
Joint life(Flexible),82,2,0.02439024390243902439,0,1,1,61-64,APL Number of Payment
Juvenile,65,13,0.20000000000000000000,0,2,1,61-64,APL Number of Payment
Medical,12439,11,0.00088431545944207734,0,1,1,61-64,APL Number of Payment
Medical（Coins） ,3,0,0E-20,0,0,1,61-64,APL Number of Payment
M.I.P,293,0,0E-20,0,0,1,61-64,APL Number of Payment
Nursing care,18,0,0E-20,0,0,1,61-64,APL Number of Payment
Term life,1754,64,0.03648802736602052452,0,4,1,61-64,APL Number of Payment
VL Endowment,27,0,0E-20,0,0,1,61-64,APL Number of Payment
VL Whole life,93,0,0E-20,0,0,1,61-64,APL Number of Payment
Whole life,2497,329,0.13175810973167801362,0,4,1,61-64,APL Number of Payment
Annuity(Annuity Certain ),56,4,0.07142857142857142857,0,1,2,61-64,APL Number of Payment
Annuity(Whole Life Annuity With Guaranteed Installment ),2,0,0E-20,0,0,2,61-64,APL Number of Payment
Cancer,2319,0,0E-20,0,0,2,61-64,APL Number of Payment
Dread Disease T.L.,39,0,0E-20,0,0,2,61-64,APL Number of Payment
Dread Disease W.L.,175,14,0.08000000000000000000,0,2,2,61-64,APL Number of Payment
Endowment,213,9,0.04225352112676056338,0,1,2,61-64,APL Number of Payment
Female Disease,317,0,0E-20,0,0,2,61-64,APL Number of Payment
Inc. Dec. Term Life,9,0,0E-20,0,0,2,61-64,APL Number of Payment
Injury,3,0,0E-20,0,0,2,61-64,APL Number of Payment
J.M.I.P,6,0,0E-20,0,0,2,61-64,APL Number of Payment
Joint life,3,1,0.33333333333333333333,0,1,2,61-64,APL Number of Payment
Joint life(Flexible),65,4,0.06153846153846153846,0,2,2,61-64,APL Number of Payment
Juvenile,129,13,0.10077519379844961240,0,4,2,61-64,APL Number of Payment
Medical,15067,20,0.00132740426096767771,0,1,2,61-64,APL Number of Payment
Medical（Coins） ,1,0,0E-20,0,0,2,61-64,APL Number of Payment
M.I.P,94,0,0E-20,0,0,2,61-64,APL Number of Payment
Nursing care,9,0,0E-20,0,0,2,61-64,APL Number of Payment
Term life,905,39,0.04309392265193370166,0,2,2,61-64,APL Number of Payment
VL Endowment,7,0,0E-20,0,0,2,61-64,APL Number of Payment
VL Whole life,106,0,0E-20,0,0,2,61-64,APL Number of Payment
Whole life,2749,318,0.11567842851946162241,0,17,2,61-64,APL Number of Payment
Annuity(Annuity Certain ),54,4,0.07407407407407407407,0,1,1,greater than 64,APL Number of Payment
Annuity(Whole Life Annuity With Guaranteed Installment ),3,1,0.33333333333333333333,0,1,1,greater than 64,APL Number of Payment
Cancer,2796,0,0E-20,0,0,1,greater than 64,APL Number of Payment
Dread Disease T.L.,21,0,0E-20,0,0,1,greater than 64,APL Number of Payment
Dread Disease W.L.,104,11,0.10576923076923076923,0,1,1,greater than 64,APL Number of Payment
Endowment,405,40,0.09876543209876543210,0,4,1,greater than 64,APL Number of Payment
Female Disease,54,0,0E-20,0,0,1,greater than 64,APL Number of Payment
Inc. Dec. Term Life,46,0,0E-20,0,0,1,greater than 64,APL Number of Payment
Injury,67,7,0.10447761194029850746,0,2,1,greater than 64,APL Number of Payment
J.M.I.P,4,0,0E-20,0,0,1,greater than 64,APL Number of Payment
Joint life,1,1,1.00000000000000000000,1,1,1,greater than 64,APL Number of Payment
Joint life(Flexible),165,13,0.07878787878787878788,0,2,1,greater than 64,APL Number of Payment
Juvenile,15,10,0.66666666666666666667,0,6,1,greater than 64,APL Number of Payment
Medical,10036,16,0.00159426066161817457,0,2,1,greater than 64,APL Number of Payment
Medical（Coins） ,1,0,0E-20,0,0,1,greater than 64,APL Number of Payment
M.I.P,160,0,0E-20,0,0,1,greater than 64,APL Number of Payment
Nursing care,4,0,0E-20,0,0,1,greater than 64,APL Number of Payment
Term life,1527,78,0.05108055009823182711,0,6,1,greater than 64,APL Number of Payment
VL Endowment,61,0,0E-20,0,0,1,greater than 64,APL Number of Payment
VL Whole life,132,0,0E-20,0,0,1,greater than 64,APL Number of Payment
Whole life,2985,394,0.13199329983249581240,0,19,1,greater than 64,APL Number of Payment
Annuity(Annuity Certain ),53,5,0.09433962264150943396,0,2,2,greater than 64,APL Number of Payment
Annuity(Whole Life Annuity With Guaranteed Installment ),3,0,0E-20,0,0,2,greater than 64,APL Number of Payment
Cancer,2461,0,0E-20,0,0,2,greater than 64,APL Number of Payment
Dread Disease T.L.,19,0,0E-20,0,0,2,greater than 64,APL Number of Payment
Dread Disease W.L.,128,19,0.14843750000000000000,0,4,2,greater than 64,APL Number of Payment
Endowment,274,10,0.03649635036496350365,0,2,2,greater than 64,APL Number of Payment
Female Disease,105,0,0E-20,0,0,2,greater than 64,APL Number of Payment
Inc. Dec. Term Life,2,0,0E-20,0,0,2,greater than 64,APL Number of Payment
Injury,10,0,0E-20,0,0,2,greater than 64,APL Number of Payment
J.M.I.P,4,0,0E-20,0,0,2,greater than 64,APL Number of Payment
Joint life,2,0,0E-20,0,0,2,greater than 64,APL Number of Payment
Joint life(Flexible),216,13,0.06018518518518518519,0,2,2,greater than 64,APL Number of Payment
Juvenile,32,3,0.09375000000000000000,0,1,2,greater than 64,APL Number of Payment
Medical,15668,18,0.00114883839673219300,0,3,2,greater than 64,APL Number of Payment
M.I.P,77,0,0E-20,0,0,2,greater than 64,APL Number of Payment
Nursing care,2,0,0E-20,0,0,2,greater than 64,APL Number of Payment
Term life,1038,48,0.04624277456647398844,0,4,2,greater than 64,APL Number of Payment
VL Endowment,9,0,0E-20,0,0,2,greater than 64,APL Number of Payment
VL Whole life,168,0,0E-20,0,0,2,greater than 64,APL Number of Payment
Whole life,4241,388,0.09148785663758547512,0,19,2,greater than 64,APL Number of Payment
