Policy Type Name,count,sum,average,min,max,median,mode,gender,age,attribute_value
Annuity(Annuity Certain ),83,9,0.10843373493975903614,0,2,1.0,1.0,1,18-22,APL Number of LOAN
Annuity(Whole Life Annuity With Guaranteed Installment ),5,0,0E-20,0,0,,,1,18-22,APL Number of LOAN
Cancer,1980,0,0E-20,0,0,,,1,18-22,APL Number of LOAN
Dread Disease T.L.,11,0,0E-20,0,0,,,1,18-22,APL Number of LOAN
Dread Disease W.L.,243,37,0.15226337448559670782,0,4,1.0,1.0,1,18-22,APL Number of LOAN
Endowment,91,32,0.35164835164835164835,0,4,2.0,1.0,1,18-22,APL Number of LOAN
Female Disease,3,0,0E-20,0,0,,,1,18-22,APL Number of LOAN
Inc. Dec. Term Life,1,0,0E-20,0,0,,,1,18-22,APL Number of LOAN
J.M.I.P,1,0,0E-20,0,0,,,1,18-22,APL Number of LOAN
Joint life(Flexible),23,5,0.21739130434782608696,0,2,2.0,2.0,1,18-22,APL Number of LOAN
Juvenile,85,18,0.21176470588235294118,0,3,1.0,1.0,1,18-22,APL Number of LOAN
Medical,6073,27,0.00444590811789889676,0,5,1.0,1.0,1,18-22,APL Number of LOAN
M.I.P,123,0,0E-20,0,0,,,1,18-22,APL Number of LOAN
Nursing care,2,0,0E-20,0,0,,,1,18-22,APL Number of LOAN
Term life,478,3,0.00627615062761506276,0,1,1.0,1.0,1,18-22,APL Number of LOAN
VL Endowment,3,0,0E-20,0,0,,,1,18-22,APL Number of LOAN
VL Whole life,64,0,0E-20,0,0,,,1,18-22,APL Number of LOAN
Whole life,2236,318,0.14221824686940966011,0,12,1.0,1.0,1,18-22,APL Number of LOAN
Annuity(Annuity Certain ),67,13,0.19402985074626865672,0,2,1.0,1.0,2,18-22,APL Number of LOAN
Annuity(Whole Life Annuity With Guaranteed Installment ),4,0,0E-20,0,0,,,2,18-22,APL Number of LOAN
Cancer,1539,0,0E-20,0,0,,,2,18-22,APL Number of LOAN
Dread Disease T.L.,13,0,0E-20,0,0,,,2,18-22,APL Number of LOAN
Dread Disease W.L.,191,23,0.12041884816753926702,0,2,1.0,1.0,2,18-22,APL Number of LOAN
Endowment,94,18,0.19148936170212765957,0,3,1.0,1.0,2,18-22,APL Number of LOAN
Female Disease,531,0,0E-20,0,0,,,2,18-22,APL Number of LOAN
Joint life(Flexible),16,1,0.06250000000000000000,0,1,1.0,1.0,2,18-22,APL Number of LOAN
Juvenile,78,25,0.32051282051282051282,0,6,1.0,1.0,2,18-22,APL Number of LOAN
Medical,5916,20,0.00338066260987153482,0,2,1.0,1.0,2,18-22,APL Number of LOAN
M.I.P,19,0,0E-20,0,0,,,2,18-22,APL Number of LOAN
Nursing care,6,0,0E-20,0,0,,,2,18-22,APL Number of LOAN
Term life,258,1,0.00387596899224806202,0,1,1.0,1.0,2,18-22,APL Number of LOAN
VL Endowment,2,0,0E-20,0,0,,,2,18-22,APL Number of LOAN
VL Whole life,28,0,0E-20,0,0,,,2,18-22,APL Number of LOAN
Whole life,1346,127,0.09435364041604754829,0,9,1.0,1.0,2,18-22,APL Number of LOAN
Annuity(Annuity Certain ),1007,361,0.35849056603773584906,0,12,2.0,1.0,1,23-30,APL Number of LOAN
Annuity(Whole Life Annuity With Guaranteed Installment ),28,16,0.57142857142857142857,0,5,1.0,1.0,1,23-30,APL Number of LOAN
Cancer,29783,0,0E-24,0,0,,,1,23-30,APL Number of LOAN
Dread Disease T.L.,294,0,0E-20,0,0,,,1,23-30,APL Number of LOAN
Dread Disease W.L.,2966,844,0.28455832771409305462,0,11,2.0,1.0,1,23-30,APL Number of LOAN
Endowment,601,79,0.13144758735440931780,0,5,1.0,1.0,1,23-30,APL Number of LOAN
Female Disease,271,0,0E-20,0,0,,,1,23-30,APL Number of LOAN
Inc. Dec. Term Life,5,0,0E-20,0,0,,,1,23-30,APL Number of LOAN
Injury,6,0,0E-20,0,0,,,1,23-30,APL Number of LOAN
J.M.I.P,7,0,0E-20,0,0,,,1,23-30,APL Number of LOAN
Joint life,79,9,0.11392405063291139241,0,3,1.0,1.0,1,23-30,APL Number of LOAN
Joint life(Flexible),241,33,0.13692946058091286307,0,4,1.5,1.0,1,23-30,APL Number of LOAN
Juvenile,2353,752,0.31959201019974500637,0,10,1.0,1.0,1,23-30,APL Number of LOAN
Maternity Insurance(or New Pregnant Woman Insurance),2,0,0E-20,0,0,,,1,23-30,APL Number of LOAN
Medical,64440,207,0.00321229050279329609,0,7,1.0,1.0,1,23-30,APL Number of LOAN
M.I.P,7547,0,0E-20,0,0,,,1,23-30,APL Number of LOAN
Nursing care,35,0,0E-20,0,0,,,1,23-30,APL Number of LOAN
Term life,6178,97,0.01570087406927808352,0,6,1.0,1.0,1,23-30,APL Number of LOAN
VL Endowment,29,0,0E-20,0,0,,,1,23-30,APL Number of LOAN
VL Whole life,994,0,0E-20,0,0,,,1,23-30,APL Number of LOAN
Whole life,23088,5060,0.21916146916146916147,0,15,1.0,1.0,1,23-30,APL Number of LOAN
Annuity(Annuity Certain ),844,197,0.23341232227488151659,0,9,1.0,1.0,2,23-30,APL Number of LOAN
Annuity(Whole Life Annuity With Guaranteed Installment ),19,8,0.42105263157894736842,0,4,1.5,1.0,2,23-30,APL Number of LOAN
Cancer,14690,0,0E-24,0,0,,,2,23-30,APL Number of LOAN
Dread Disease T.L.,172,0,0E-20,0,0,,,2,23-30,APL Number of LOAN
Dread Disease W.L.,1896,394,0.20780590717299578059,0,13,2.0,1.0,2,23-30,APL Number of LOAN
Endowment,650,122,0.18769230769230769231,0,12,1.0,1.0,2,23-30,APL Number of LOAN
Female Disease,7767,0,0E-20,0,0,,,2,23-30,APL Number of LOAN
Inc. Dec. Term Life,2,0,0E-20,0,0,,,2,23-30,APL Number of LOAN
Injury,1,0,0E-20,0,0,,,2,23-30,APL Number of LOAN
J.M.I.P,2,0,0E-20,0,0,,,2,23-30,APL Number of LOAN
Joint life,7,0,0E-20,0,0,,,2,23-30,APL Number of LOAN
Joint life(Flexible),56,7,0.12500000000000000000,0,1,1.0,1.0,2,23-30,APL Number of LOAN
Juvenile,1366,727,0.53221083455344070278,0,12,2.0,1.0,2,23-30,APL Number of LOAN
Maternity Insurance(or New Pregnant Woman Insurance),3,0,0E-20,0,0,,,2,23-30,APL Number of LOAN
Medical,69129,117,0.00169248795729722692,0,7,1.0,1.0,2,23-30,APL Number of LOAN
M.I.P,1230,0,0E-20,0,0,,,2,23-30,APL Number of LOAN
Nursing care,22,0,0E-20,0,0,,,2,23-30,APL Number of LOAN
Term life,2115,20,0.00945626477541371158,0,4,1.0,1.0,2,23-30,APL Number of LOAN
VL Endowment,24,0,0E-20,0,0,,,2,23-30,APL Number of LOAN
VL Whole life,462,0,0E-20,0,0,,,2,23-30,APL Number of LOAN
Whole life,12018,2291,0.19063072058578798469,0,16,1.0,1.0,2,23-30,APL Number of LOAN
Annuity(Annuity Certain ),2146,1076,0.50139794967381174278,0,21,2.0,1.0,1,31-40,APL Number of LOAN
Annuity(Whole Life Annuity With Guaranteed Installment ),66,18,0.27272727272727272727,0,5,2.0,1.0,1,31-40,APL Number of LOAN
Cancer,50980,0,0E-24,0,0,,,1,31-40,APL Number of LOAN
Dread Disease T.L.,1015,0,0E-20,0,0,,,1,31-40,APL Number of LOAN
Dread Disease W.L.,6019,2249,0.37365010799136069114,0,19,2.0,1.0,1,31-40,APL Number of LOAN
Endowment,1376,297,0.21584302325581395349,0,15,2.0,1.0,1,31-40,APL Number of LOAN
Female Disease,1212,0,0E-20,0,0,,,1,31-40,APL Number of LOAN
Inc. Dec. Term Life,27,7,0.25925925925925925926,0,3,1.5,1.0,1,31-40,APL Number of LOAN
Injury,132,2,0.01515151515151515152,0,1,1.0,1.0,1,31-40,APL Number of LOAN
J.M.I.P,47,27,0.57446808510638297872,0,9,1.0,1.0,1,31-40,APL Number of LOAN
Joint life,249,36,0.14457831325301204819,0,7,1.0,1.0,1,31-40,APL Number of LOAN
Joint life(Flexible),669,151,0.22571001494768310912,0,11,1.0,1.0,1,31-40,APL Number of LOAN
Juvenile,7973,3974,0.49843220870437727330,0,22,2.0,1.0,1,31-40,APL Number of LOAN
Medical,140116,572,0.00408233178223757458,0,9,1.0,1.0,1,31-40,APL Number of LOAN
M.I.P,27279,0,0E-24,0,0,,,1,31-40,APL Number of LOAN
Nursing care,121,0,0E-20,0,0,,,1,31-40,APL Number of LOAN
Term life,21829,546,0.02501259792019790187,0,11,1.0,1.0,1,31-40,APL Number of LOAN
VL Endowment,182,0,0E-20,0,0,,,1,31-40,APL Number of LOAN
VL Whole life,2952,0,0E-20,0,0,,,1,31-40,APL Number of LOAN
Whole life,46260,16202,0.35023778642455685257,0,25,2.0,1.0,1,31-40,APL Number of LOAN
Annuity(Annuity Certain ),1608,543,0.33768656716417910448,0,12,2.0,1.0,2,31-40,APL Number of LOAN
Annuity(Whole Life Annuity With Guaranteed Installment ),36,26,0.72222222222222222222,0,15,1.0,1.0,2,31-40,APL Number of LOAN
Cancer,21314,0,0E-24,0,0,,,2,31-40,APL Number of LOAN
Dread Disease T.L.,476,0,0E-20,0,0,,,2,31-40,APL Number of LOAN
Dread Disease W.L.,3258,936,0.28729281767955801105,0,14,2.0,1.0,2,31-40,APL Number of LOAN
Endowment,1044,255,0.24425287356321839080,0,18,2.0,1.0,2,31-40,APL Number of LOAN
Female Disease,12962,0,0E-24,0,0,,,2,31-40,APL Number of LOAN
Inc. Dec. Term Life,9,1,0.11111111111111111111,0,1,1.0,1.0,2,31-40,APL Number of LOAN
Injury,9,0,0E-20,0,0,,,2,31-40,APL Number of LOAN
J.M.I.P,18,4,0.22222222222222222222,0,2,2.0,2.0,2,31-40,APL Number of LOAN
Joint life,20,3,0.15000000000000000000,0,2,1.5,1.0,2,31-40,APL Number of LOAN
Joint life(Flexible),176,50,0.28409090909090909091,0,9,1.0,1.0,2,31-40,APL Number of LOAN
Juvenile,3906,2853,0.73041474654377880184,0,16,2.0,1.0,2,31-40,APL Number of LOAN
Maternity Insurance(or New Pregnant Woman Insurance),3,0,0E-20,0,0,,,2,31-40,APL Number of LOAN
Medical,134988,269,0.00199276972767949744,0,8,1.0,1.0,2,31-40,APL Number of LOAN
Medical（Coins） ,1,0,0E-20,0,0,,,2,31-40,APL Number of LOAN
M.I.P,4217,0,0E-20,0,0,,,2,31-40,APL Number of LOAN
Nursing care,23,0,0E-20,0,0,,,2,31-40,APL Number of LOAN
Term life,4765,156,0.03273871983210912907,0,10,1.0,1.0,2,31-40,APL Number of LOAN
VL Endowment,38,0,0E-20,0,0,,,2,31-40,APL Number of LOAN
VL Whole life,1024,0,0E-20,0,0,,,2,31-40,APL Number of LOAN
Whole life,20319,5829,0.28687435405285693194,0,25,2.0,1.0,2,31-40,APL Number of LOAN
Annuity(Annuity Certain ),1773,912,0.51438240270727580372,0,23,2.0,1.0,1,41-50,APL Number of LOAN
Annuity(Whole Life Annuity With Guaranteed Installment ),42,27,0.64285714285714285714,0,6,3.0,1.0,1,41-50,APL Number of LOAN
Cancer,45244,0,0E-24,0,0,,,1,41-50,APL Number of LOAN
Dread Disease T.L.,1034,0,0E-20,0,0,,,1,41-50,APL Number of LOAN
Dread Disease W.L.,3653,1673,0.45797974267725157405,0,18,2.0,1.0,1,41-50,APL Number of LOAN
Endowment,2027,371,0.18302910705476073014,0,24,1.0,1.0,1,41-50,APL Number of LOAN
Female Disease,1272,0,0E-20,0,0,,,1,41-50,APL Number of LOAN
Inc. Dec. Term Life,58,5,0.08620689655172413793,0,1,1.0,1.0,1,41-50,APL Number of LOAN
Injury,204,0,0E-20,0,0,,,1,41-50,APL Number of LOAN
J.M.I.P,76,11,0.14473684210526315789,0,4,1.0,1.0,1,41-50,APL Number of LOAN
Joint life,265,162,0.61132075471698113208,0,15,2.0,1.0,1,41-50,APL Number of LOAN
Joint life(Flexible),630,181,0.28730158730158730159,0,9,2.0,1.0,1,41-50,APL Number of LOAN
Juvenile,4162,3457,0.83061028351753964440,0,30,2.0,1.0,1,41-50,APL Number of LOAN
Medical,109120,526,0.00482038123167155425,0,8,2.0,1.0,1,41-50,APL Number of LOAN
Medical（Coins） ,2,0,0E-20,0,0,,,1,41-50,APL Number of LOAN
M.I.P,17206,0,0E-24,0,0,,,1,41-50,APL Number of LOAN
Nursing care,132,0,0E-20,0,0,,,1,41-50,APL Number of LOAN
Term life,21961,982,0.04471563225718318838,0,17,1.0,1.0,1,41-50,APL Number of LOAN
VL Endowment,97,0,0E-20,0,0,,,1,41-50,APL Number of LOAN
VL Whole life,2136,0,0E-20,0,0,,,1,41-50,APL Number of LOAN
Whole life,33557,16156,0.48144947402926364097,0,25,2.0,1.0,1,41-50,APL Number of LOAN
Annuity(Annuity Certain ),1438,588,0.40890125173852573018,0,18,2.0,1.0,2,41-50,APL Number of LOAN
Annuity(Whole Life Annuity With Guaranteed Installment ),40,7,0.17500000000000000000,0,2,2.0,2.0,2,41-50,APL Number of LOAN
Cancer,18074,0,0E-24,0,0,,,2,41-50,APL Number of LOAN
Dread Disease T.L.,442,0,0E-20,0,0,,,2,41-50,APL Number of LOAN
Dread Disease W.L.,2120,831,0.39198113207547169811,0,15,1.0,1.0,2,41-50,APL Number of LOAN
Endowment,1202,303,0.25207986688851913478,0,12,2.0,1.0,2,41-50,APL Number of LOAN
Female Disease,7315,0,0E-20,0,0,,,2,41-50,APL Number of LOAN
Inc. Dec. Term Life,10,1,0.10000000000000000000,0,1,1.0,1.0,2,41-50,APL Number of LOAN
Injury,22,3,0.13636363636363636364,0,1,1.0,1.0,2,41-50,APL Number of LOAN
J.M.I.P,37,3,0.08108108108108108108,0,1,1.0,1.0,2,41-50,APL Number of LOAN
Joint life,47,7,0.14893617021276595745,0,3,1.5,1.0,2,41-50,APL Number of LOAN
Joint life(Flexible),213,53,0.24882629107981220657,0,8,2.0,1.0,2,41-50,APL Number of LOAN
Juvenile,1480,1385,0.93581081081081081081,0,18,2.0,1.0,2,41-50,APL Number of LOAN
Medical,94055,314,0.00333847217053851470,0,12,1.0,1.0,2,41-50,APL Number of LOAN
Medical（Coins） ,2,0,0E-20,0,0,,,2,41-50,APL Number of LOAN
M.I.P,2711,0,0E-20,0,0,,,2,41-50,APL Number of LOAN
Nursing care,60,0,0E-20,0,0,,,2,41-50,APL Number of LOAN
Term life,5502,213,0.03871319520174482007,0,9,1.0,1.0,2,41-50,APL Number of LOAN
VL Endowment,43,0,0E-20,0,0,,,2,41-50,APL Number of LOAN
VL Whole life,743,0,0E-20,0,0,,,2,41-50,APL Number of LOAN
Whole life,17116,6421,0.37514606216405702267,0,33,2.0,1.0,2,41-50,APL Number of LOAN
Annuity(Annuity Certain ),1128,497,0.44060283687943262411,0,23,2.0,1.0,1,51-60,APL Number of LOAN
Annuity(Whole Life Annuity With Guaranteed Installment ),28,17,0.60714285714285714286,0,13,3.0,1.0,1,51-60,APL Number of LOAN
Cancer,41764,0,0E-24,0,0,,,1,51-60,APL Number of LOAN
Dread Disease T.L.,632,0,0E-20,0,0,,,1,51-60,APL Number of LOAN
Dread Disease W.L.,2459,1091,0.44367629117527450183,0,20,2.0,1.0,1,51-60,APL Number of LOAN
Endowment,2027,310,0.15293537247163295511,0,24,1.0,1.0,1,51-60,APL Number of LOAN
Female Disease,1312,0,0E-20,0,0,,,1,51-60,APL Number of LOAN
Inc. Dec. Term Life,123,9,0.07317073170731707317,0,3,1.0,1.0,1,51-60,APL Number of LOAN
Injury,351,13,0.03703703703703703704,0,2,1.0,1.0,1,51-60,APL Number of LOAN
J.M.I.P,47,16,0.34042553191489361702,0,10,1.0,1.0,1,51-60,APL Number of LOAN
Joint life,146,68,0.46575342465753424658,0,12,1.0,1.0,1,51-60,APL Number of LOAN
Joint life(Flexible),474,146,0.30801687763713080169,0,13,2.0,1.0,1,51-60,APL Number of LOAN
Juvenile,821,790,0.96224116930572472594,0,19,2.0,1.0,1,51-60,APL Number of LOAN
Medical,78885,306,0.00387906446092413006,0,9,2.0,1.0,1,51-60,APL Number of LOAN
Medical（Coins） ,2,0,0E-20,0,0,,,1,51-60,APL Number of LOAN
M.I.P,6731,0,0E-20,0,0,,,1,51-60,APL Number of LOAN
Nursing care,85,0,0E-20,0,0,,,1,51-60,APL Number of LOAN
Term life,19050,1129,0.05926509186351706037,0,11,1.0,1.0,1,51-60,APL Number of LOAN
VL Endowment,98,0,0E-20,0,0,,,1,51-60,APL Number of LOAN
VL Whole life,1064,0,0E-20,0,0,,,1,51-60,APL Number of LOAN
Whole life,20922,11076,0.52939489532549469458,0,28,2.0,1.0,1,51-60,APL Number of LOAN
Annuity(Annuity Certain ),1055,355,0.33649289099526066351,0,19,2.0,1.0,2,51-60,APL Number of LOAN
Annuity(Whole Life Annuity With Guaranteed Installment ),24,4,0.16666666666666666667,0,2,1.0,1.0,2,51-60,APL Number of LOAN
Cancer,18626,0,0E-24,0,0,,,2,51-60,APL Number of LOAN
Dread Disease T.L.,376,0,0E-20,0,0,,,2,51-60,APL Number of LOAN
Dread Disease W.L.,1736,632,0.36405529953917050691,0,24,1.0,1.0,2,51-60,APL Number of LOAN
Endowment,878,227,0.25854214123006833713,0,18,2.0,1.0,2,51-60,APL Number of LOAN
Female Disease,3944,0,0E-20,0,0,,,2,51-60,APL Number of LOAN
Inc. Dec. Term Life,24,0,0E-20,0,0,,,2,51-60,APL Number of LOAN
Injury,15,3,0.20000000000000000000,0,3,3.0,3.0,2,51-60,APL Number of LOAN
J.M.I.P,40,14,0.35000000000000000000,0,4,1.0,1.0,2,51-60,APL Number of LOAN
Joint life,17,4,0.23529411764705882353,0,4,4.0,4.0,2,51-60,APL Number of LOAN
Joint life(Flexible),268,64,0.23880597014925373134,0,14,1.0,1.0,2,51-60,APL Number of LOAN
Juvenile,458,261,0.56986899563318777293,0,12,2.0,1.0,2,51-60,APL Number of LOAN
Medical,67016,230,0.00343201623492897219,0,7,1.0,1.0,2,51-60,APL Number of LOAN
Medical（Coins） ,4,0,0E-20,0,0,,,2,51-60,APL Number of LOAN
M.I.P,1062,0,0E-20,0,0,,,2,51-60,APL Number of LOAN
Nursing care,68,0,0E-20,0,0,,,2,51-60,APL Number of LOAN
Term life,5360,261,0.04869402985074626866,0,13,1.0,1.0,2,51-60,APL Number of LOAN
VL Endowment,41,0,0E-20,0,0,,,2,51-60,APL Number of LOAN
VL Whole life,607,0,0E-20,0,0,,,2,51-60,APL Number of LOAN
Whole life,14287,5493,0.38447539721425071744,0,28,2.0,1.0,2,51-60,APL Number of LOAN
Annuity(Annuity Certain ),182,121,0.66483516483516483516,0,26,2.0,1.0,1,61-64,APL Number of LOAN
Annuity(Whole Life Annuity With Guaranteed Installment ),7,1,0.14285714285714285714,0,1,1.0,1.0,1,61-64,APL Number of LOAN
Cancer,9918,0,0E-20,0,0,,,1,61-64,APL Number of LOAN
Dread Disease T.L.,126,0,0E-20,0,0,,,1,61-64,APL Number of LOAN
Dread Disease W.L.,463,240,0.51835853131749460043,0,13,2.0,1.0,1,61-64,APL Number of LOAN
Endowment,574,119,0.20731707317073170732,0,18,2.0,1.0,1,61-64,APL Number of LOAN
Female Disease,246,0,0E-20,0,0,,,1,61-64,APL Number of LOAN
Inc. Dec. Term Life,55,2,0.03636363636363636364,0,1,1.0,1.0,1,61-64,APL Number of LOAN
Injury,88,7,0.07954545454545454545,0,2,1.0,1.0,1,61-64,APL Number of LOAN
J.M.I.P,7,2,0.28571428571428571429,0,2,2.0,2.0,1,61-64,APL Number of LOAN
Joint life,24,27,1.1250000000000000,0,12,2.0,1.0,1,61-64,APL Number of LOAN
Joint life(Flexible),128,33,0.25781250000000000000,0,10,1.5,1.0,1,61-64,APL Number of LOAN
Juvenile,105,53,0.50476190476190476190,0,12,2.0,1.0,1,61-64,APL Number of LOAN
Medical,21287,53,0.00248978249635928031,0,4,1.0,1.0,1,61-64,APL Number of LOAN
Medical（Coins） ,2,0,0E-20,0,0,,,1,61-64,APL Number of LOAN
M.I.P,903,0,0E-20,0,0,,,1,61-64,APL Number of LOAN
Nursing care,18,0,0E-20,0,0,,,1,61-64,APL Number of LOAN
Term life,4783,352,0.07359397867447208865,0,8,1.0,1.0,1,61-64,APL Number of LOAN
VL Endowment,24,0,0E-20,0,0,,,1,61-64,APL Number of LOAN
VL Whole life,212,0,0E-20,0,0,,,1,61-64,APL Number of LOAN
Whole life,5003,2836,0.56685988406955826504,0,26,2.0,1.0,1,61-64,APL Number of LOAN
Annuity(Annuity Certain ),169,94,0.55621301775147928994,0,22,2.5,1.0,2,61-64,APL Number of LOAN
Annuity(Whole Life Annuity With Guaranteed Installment ),4,0,0E-20,0,0,,,2,61-64,APL Number of LOAN
Cancer,5174,0,0E-20,0,0,,,2,61-64,APL Number of LOAN
Dread Disease T.L.,107,0,0E-20,0,0,,,2,61-64,APL Number of LOAN
Dread Disease W.L.,369,137,0.37127371273712737127,0,7,2.0,1.0,2,61-64,APL Number of LOAN
Endowment,267,54,0.20224719101123595506,0,13,2.0,1.0,2,61-64,APL Number of LOAN
Female Disease,780,0,0E-20,0,0,,,2,61-64,APL Number of LOAN
Inc. Dec. Term Life,11,0,0E-20,0,0,,,2,61-64,APL Number of LOAN
Injury,2,0,0E-20,0,0,,,2,61-64,APL Number of LOAN
J.M.I.P,12,1,0.08333333333333333333,0,1,1.0,1.0,2,61-64,APL Number of LOAN
Joint life,2,0,0E-20,0,0,,,2,61-64,APL Number of LOAN
Joint life(Flexible),109,36,0.33027522935779816514,0,16,2.0,2.0,2,61-64,APL Number of LOAN
Juvenile,180,80,0.44444444444444444444,0,10,2.0,1.0,2,61-64,APL Number of LOAN
Medical,20427,80,0.00391638517648210702,0,11,1.0,1.0,2,61-64,APL Number of LOAN
Medical（Coins） ,1,0,0E-20,0,0,,,2,61-64,APL Number of LOAN
M.I.P,190,0,0E-20,0,0,,,2,61-64,APL Number of LOAN
Nursing care,23,0,0E-20,0,0,,,2,61-64,APL Number of LOAN
Term life,1603,170,0.10605115408608858391,0,12,1.0,1.0,2,61-64,APL Number of LOAN
VL Endowment,10,0,0E-20,0,0,,,2,61-64,APL Number of LOAN
VL Whole life,169,0,0E-20,0,0,,,2,61-64,APL Number of LOAN
Whole life,4113,1563,0.38001458789204959883,0,25,2.0,1.0,2,61-64,APL Number of LOAN
Annuity(Annuity Certain ),146,105,0.71917808219178082192,0,14,2.0,1.0,1,greater than 64,APL Number of LOAN
Annuity(Whole Life Annuity With Guaranteed Installment ),5,2,0.40000000000000000000,0,2,2.0,2.0,1,greater than 64,APL Number of LOAN
Cancer,12541,0,0E-24,0,0,,,1,greater than 64,APL Number of LOAN
Dread Disease T.L.,97,0,0E-20,0,0,,,1,greater than 64,APL Number of LOAN
Dread Disease W.L.,441,259,0.58730158730158730159,0,15,2.0,1.0,1,greater than 64,APL Number of LOAN
Endowment,961,132,0.13735691987513007284,0,9,2.0,1.0,1,greater than 64,APL Number of LOAN
Female Disease,283,0,0E-20,0,0,,,1,greater than 64,APL Number of LOAN
Inc. Dec. Term Life,108,2,0.01851851851851851852,0,1,1.0,1.0,1,greater than 64,APL Number of LOAN
Injury,142,18,0.12676056338028169014,0,6,3.0,1.0,1,greater than 64,APL Number of LOAN
J.M.I.P,15,0,0E-20,0,0,,,1,greater than 64,APL Number of LOAN
Joint life,48,36,0.75000000000000000000,0,13,3.0,1.0,1,greater than 64,APL Number of LOAN
Joint life(Flexible),312,62,0.19871794871794871795,0,7,1.0,1.0,1,greater than 64,APL Number of LOAN
Juvenile,103,109,1.0582524271844660,0,21,2.0,1.0,1,greater than 64,APL Number of LOAN
Medical,28818,75,0.00260254007911721841,0,4,1.0,1.0,1,greater than 64,APL Number of LOAN
Medical（Coins） ,2,0,0E-20,0,0,,,1,greater than 64,APL Number of LOAN
M.I.P,511,0,0E-20,0,0,,,1,greater than 64,APL Number of LOAN
Nursing care,33,0,0E-20,0,0,,,1,greater than 64,APL Number of LOAN
Term life,6395,467,0.07302580140734949179,0,11,1.0,1.0,1,greater than 64,APL Number of LOAN
VL Endowment,109,0,0E-20,0,0,,,1,greater than 64,APL Number of LOAN
VL Whole life,333,0,0E-20,0,0,,,1,greater than 64,APL Number of LOAN
Whole life,7287,3792,0.52037875668999588308,0,21,2.0,1.0,1,greater than 64,APL Number of LOAN
Annuity(Annuity Certain ),140,67,0.47857142857142857143,0,17,1.5,1.0,2,greater than 64,APL Number of LOAN
Annuity(Whole Life Annuity With Guaranteed Installment ),5,0,0E-20,0,0,,,2,greater than 64,APL Number of LOAN
Cancer,8359,0,0E-20,0,0,,,2,greater than 64,APL Number of LOAN
Dread Disease T.L.,79,0,0E-20,0,0,,,2,greater than 64,APL Number of LOAN
Dread Disease W.L.,430,170,0.39534883720930232558,0,15,2.0,1.0,2,greater than 64,APL Number of LOAN
Endowment,467,82,0.17558886509635974304,0,8,1.0,1.0,2,greater than 64,APL Number of LOAN
Female Disease,935,0,0E-20,0,0,,,2,greater than 64,APL Number of LOAN
Inc. Dec. Term Life,11,0,0E-20,0,0,,,2,greater than 64,APL Number of LOAN
Injury,12,0,0E-20,0,0,,,2,greater than 64,APL Number of LOAN
J.M.I.P,9,0,0E-20,0,0,,,2,greater than 64,APL Number of LOAN
Joint life,12,6,0.50000000000000000000,0,2,1.5,1.0,2,greater than 64,APL Number of LOAN
Joint life(Flexible),320,56,0.17500000000000000000,0,7,1.0,1.0,2,greater than 64,APL Number of LOAN
Juvenile,202,53,0.26237623762376237624,0,9,2.0,1.0,2,greater than 64,APL Number of LOAN
Medical,35154,107,0.00304375035557831257,0,5,1.0,1.0,2,greater than 64,APL Number of LOAN
M.I.P,165,0,0E-20,0,0,,,2,greater than 64,APL Number of LOAN
Nursing care,28,0,0E-20,0,0,,,2,greater than 64,APL Number of LOAN
Term life,2897,347,0.11977908180876769071,0,12,2.0,1.0,2,greater than 64,APL Number of LOAN
VL Endowment,16,0,0E-20,0,0,,,2,greater than 64,APL Number of LOAN
VL Whole life,348,0,0E-20,0,0,,,2,greater than 64,APL Number of LOAN
Whole life,8130,2840,0.34932349323493234932,0,22,2.0,1.0,2,greater than 64,APL Number of LOAN
Annuity(Annuity Certain ),83,1964673,23670.759036144578,5000,569520,10000.0,10000.0,1,18-22,TotalP_1
Annuity(Whole Life Annuity With Guaranteed Installment ),5,89880,17976.000000000000,11790,22000,20820.0,11790.0,1,18-22,TotalP_1
Cancer,1980,5965493,3012.8752525252525253,144,48002,2218.0,2185.0,1,18-22,TotalP_1
Dread Disease T.L.,11,53443,4858.4545454545454545,1335,15705,3097.0,1335.0,1,18-22,TotalP_1
Dread Disease W.L.,243,1513711,6229.2633744855967078,1779,89595,4851.0,4374.0,1,18-22,TotalP_1
Endowment,91,4003464,43994.109890109890,3320,335766,10776.0,8601.0,1,18-22,TotalP_1
Female Disease,3,8351,2783.6666666666666667,1956,4100,2295.0,1956.0,1,18-22,TotalP_1
Inc. Dec. Term Life,1,94380,94380.000000000000,94380,94380,94380.0,94380.0,1,18-22,TotalP_1
J.M.I.P,1,577788,577788.000000000000,577788,577788,577788.0,577788.0,1,18-22,TotalP_1
Joint life(Flexible),23,7148001,310782.652173913043,0,1796025,343440.0,358932.0,1,18-22,TotalP_1
Juvenile,85,715455,8417.1176470588235294,3038,61020,7316.0,5305.0,1,18-22,TotalP_1
Medical,6073,34555467,5690.0159723365717109,784,106905,3705.0,6261.0,1,18-22,TotalP_1
M.I.P,123,1281839,10421.455284552846,1405,443920,4180.0,3420.0,1,18-22,TotalP_1
Nursing care,2,4400,2200.0000000000000000,1550,2850,2200.0,1550.0,1,18-22,TotalP_1
Term life,478,4053400,8479.9163179916317992,157,653100,3917.0,1710.0,1,18-22,TotalP_1
VL Endowment,3,734990,244996.666666666667,9990,700000,25000.0,9990.0,1,18-22,TotalP_1
VL Whole life,64,3382985,52859.140625000000,3000,1246650,6339.0,10515.0,1,18-22,TotalP_1
Whole life,2236,47796000,21375.670840787120,1207,10486200,6745.0,3684.0,1,18-22,TotalP_1
Annuity(Annuity Certain ),67,672712,10040.4776119402985075,5000,30000,10000.0,10000.0,2,18-22,TotalP_1
Annuity(Whole Life Annuity With Guaranteed Installment ),4,75000,18750.000000000000,10000,30000,17500.0,10000.0,2,18-22,TotalP_1
Cancer,1539,4620263,3002.1202079272254711,142,48882,2226.0,2199.0,2,18-22,TotalP_1
Dread Disease T.L.,13,53082,4083.2307692307692308,1025,13675,3231.0,1025.0,2,18-22,TotalP_1
Dread Disease W.L.,191,1803521,9442.5183246073298429,2858,129408,5309.0,4167.0,2,18-22,TotalP_1
Endowment,94,6216897,66137.202127659574,3130,1082820,10213.5,15750.0,2,18-22,TotalP_1
Female Disease,531,1690187,3183.0263653483992467,231,40395,2835.0,3525.0,2,18-22,TotalP_1
Joint life(Flexible),16,8839166,552447.875000000000,8582,1515900,601160.0,601160.0,2,18-22,TotalP_1
Juvenile,78,558568,7161.1282051282051282,3177,11853,7417.0,4118.0,2,18-22,TotalP_1
Medical,5916,35171639,5945.1722447599729547,600,179458,3920.0,5002.0,2,18-22,TotalP_1
M.I.P,19,159663,8403.3157894736842105,1845,41470,3790.0,1845.0,2,18-22,TotalP_1
Nursing care,6,30610,5101.6666666666666667,1425,21630,1627.5,1425.0,2,18-22,TotalP_1
Term life,258,2112785,8189.0891472868217054,999,503400,3086.0,1550.0,2,18-22,TotalP_1
VL Endowment,2,38586,19293.000000000000,15576,23010,19293.0,15576.0,2,18-22,TotalP_1
VL Whole life,28,1983242,70830.071428571429,3000,1280800,6493.0,3000.0,2,18-22,TotalP_1
Whole life,1346,15661438,11635.540861812779,663,1022730,5536.5,3546.0,2,18-22,TotalP_1
Annuity(Annuity Certain ),1007,15737381,15627.985104270109,4964,654122,10000.0,10000.0,1,23-30,TotalP_1
Annuity(Whole Life Annuity With Guaranteed Installment ),28,1373718,49061.357142857143,10000,500000,20000.0,20000.0,1,23-30,TotalP_1
Cancer,29783,97198861,3263.5685122385253332,99,167025,2340.0,2237.0,1,23-30,TotalP_1
Dread Disease T.L.,294,1671928,5686.8299319727891156,358,128710,3340.0,3340.0,1,23-30,TotalP_1
Dread Disease W.L.,2966,24649701,8310.7555630478759272,1087,291420,5674.5,4965.0,1,23-30,TotalP_1
Endowment,601,56580769,94144.374376039933,0,4474268,11955.0,179155.0,1,23-30,TotalP_1
Female Disease,271,906666,3345.6309963099630996,96,36845,2575.0,1475.0,1,23-30,TotalP_1
Inc. Dec. Term Life,5,673474,134694.800000000000,3084,645700,7250.0,3084.0,1,23-30,TotalP_1
Injury,6,195237,32539.500000000000,4362,165985,6314.0,4362.0,1,23-30,TotalP_1
J.M.I.P,7,2411264,344466.285714285714,19460,593520,573996.0,19460.0,1,23-30,TotalP_1
Joint life,79,1017789,12883.405063291139,810,56280,14236.0,7194.0,1,23-30,TotalP_1
Joint life(Flexible),241,34599009,143564.352697095436,0,1872738,19263.0,83870.0,1,23-30,TotalP_1
Juvenile,2353,28216429,11991.682532936677,2654,180113,8738.0,5318.0,1,23-30,TotalP_1
Maternity Insurance(or New Pregnant Woman Insurance),2,203040,101520.000000000000,67680,135360,101520.0,67680.0,1,23-30,TotalP_1
Medical,64440,416597747,6464.8936530105524519,435,451585,4105.0,2250.0,1,23-30,TotalP_1
M.I.P,7547,73798403,9778.5084139393136346,720,187915,4845.0,3090.0,1,23-30,TotalP_1
Nursing care,35,417639,11932.542857142857,1490,214790,3650.0,1730.0,1,23-30,TotalP_1
Term life,6178,54012453,8742.7084817092910327,216,1521770,4783.0,3000.0,1,23-30,TotalP_1
VL Endowment,29,5967681,205782.103448275862,1836,2455300,14880.0,1836.0,1,23-30,TotalP_1
VL Whole life,994,22942043,23080.526156941650,0,1342350,6672.0,3000.0,1,23-30,TotalP_1
Whole life,23088,382388525,16562.219551282051,911,20000000,8046.0,4596.0,1,23-30,TotalP_1
Annuity(Annuity Certain ),844,13657164,16181.473933649289,5000,450000,10000.0,10000.0,2,23-30,TotalP_1
Annuity(Whole Life Annuity With Guaranteed Installment ),19,936584,49293.894736842105,10000,300000,20000.0,20000.0,2,23-30,TotalP_1
Cancer,14690,55480458,3776.7500340367597005,150,114988,2368.0,2259.0,2,23-30,TotalP_1
Dread Disease T.L.,172,904129,5256.5639534883720930,294,54273,3241.5,1470.0,2,23-30,TotalP_1
Dread Disease W.L.,1896,16083290,8482.7478902953586498,1115,225420,4995.0,3172.0,2,23-30,TotalP_1
Endowment,650,45339042,69752.372307692308,3103,1750470,11512.5,178875.0,2,23-30,TotalP_1
Female Disease,7767,29970846,3858.7415990730011587,282,48135,2955.0,3685.0,2,23-30,TotalP_1
Inc. Dec. Term Life,2,15515,7757.5000000000000000,3590,11925,7757.5,3590.0,2,23-30,TotalP_1
Injury,1,118600,118600.000000000000,118600,118600,118600.0,118600.0,2,23-30,TotalP_1
J.M.I.P,2,1146768,573384.000000000000,571956,574812,573384.0,571956.0,2,23-30,TotalP_1
Joint life,7,102300,14614.285714285714,3505,41853,7917.0,3505.0,2,23-30,TotalP_1
Joint life(Flexible),56,24280910,433587.678571428571,0,1872738,213575.5,31257.0,2,23-30,TotalP_1
Juvenile,1366,14376091,10524.224743777452,2644,269235,7800.5,4328.0,2,23-30,TotalP_1
Maternity Insurance(or New Pregnant Woman Insurance),3,211655,70551.666666666667,67680,73920,70055.0,67680.0,2,23-30,TotalP_1
Medical,69129,487060629,7045.6773423599357723,654,661559,4653.0,5845.0,2,23-30,TotalP_1
M.I.P,1230,10646898,8656.0146341463414634,615,58325,3920.0,3000.0,2,23-30,TotalP_1
Nursing care,22,78973,3589.6818181818181818,1345,15650,2572.5,1580.0,2,23-30,TotalP_1
Term life,2115,16746239,7917.8434988179669031,270,816071,3445.0,3030.0,2,23-30,TotalP_1
VL Endowment,24,2370467,98769.458333333333,0,2047740,14920.5,23010.0,2,23-30,TotalP_1
VL Whole life,462,22390045,48463.300865800866,0,2499900,5595.0,3000.0,2,23-30,TotalP_1
Whole life,12018,178846174,14881.5255450158096189,956,7080900,5950.0,3666.0,2,23-30,TotalP_1
Annuity(Annuity Certain ),2146,41381588,19283.125815470643,4862,1110000,10000.0,10000.0,1,31-40,TotalP_1
Annuity(Whole Life Annuity With Guaranteed Installment ),66,3408021,51636.681818181818,6908,596508,18749.5,20000.0,1,31-40,TotalP_1
Cancer,50980,233167660,4573.7085131424087878,105,707336,2786.0,2398.0,1,31-40,TotalP_1
Dread Disease T.L.,1015,7357110,7248.3842364532019704,904,142610,4060.0,3000.0,1,31-40,TotalP_1
Dread Disease W.L.,6019,69145845,11487.929057983054,1065,310630,6726.0,6192.0,1,31-40,TotalP_1
Endowment,1376,161240691,117180.734738372093,0,5019651,23603.0,177710.0,1,31-40,TotalP_1
Female Disease,1212,4354025,3592.4298679867986799,96,53450,2617.5,2635.0,1,31-40,TotalP_1
Inc. Dec. Term Life,27,9935850,367994.444444444444,1850,3193100,42780.0,1850.0,1,31-40,TotalP_1
Injury,132,9874672,74808.121212121212,2425,725770,10252.5,172705.0,1,31-40,TotalP_1
J.M.I.P,47,14724468,313286.553191489362,11256,1149624,295800.0,18360.0,1,31-40,TotalP_1
Joint life,249,5079713,20400.453815261044,910,362880,14715.0,20002.0,1,31-40,TotalP_1
Joint life(Flexible),669,123575374,184716.553064275037,0,10694115,18632.0,4923.0,1,31-40,TotalP_1
Juvenile,7973,128309005,16092.939295121033,2526,714105,9058.0,11784.0,1,31-40,TotalP_1
Medical,140116,1264797567,9026.7889962602415142,441,490800,4996.0,3890.0,1,31-40,TotalP_1
M.I.P,27279,353976262,12976.145093295209,810,481095,5630.0,3900.0,1,31-40,TotalP_1
Nursing care,121,540992,4471.0082644628099174,1500,70650,2415.0,1845.0,1,31-40,TotalP_1
Term life,21829,267403172,12249.9048055339227633,0,3188280,6015.0,3030.0,1,31-40,TotalP_1
VL Endowment,182,102842910,565070.934065934066,3098,6837800,434825.0,861400.0,1,31-40,TotalP_1
VL Whole life,2952,136904924,46377.006775067751,0,12030900,8015.0,3000.0,1,31-40,TotalP_1
Whole life,46260,1032211603,22313.264223951578,0,12142690,9809.0,5298.0,1,31-40,TotalP_1
Annuity(Annuity Certain ),1608,33178047,20633.113805970149,5000,1000000,10000.0,10000.0,2,31-40,TotalP_1
Annuity(Whole Life Annuity With Guaranteed Installment ),36,3457429,96039.694444444444,10000,600000,23267.5,20000.0,2,31-40,TotalP_1
Cancer,21314,113209552,5311.5113071220793844,168,437910,2992.0,2339.0,2,31-40,TotalP_1
Dread Disease T.L.,476,3299578,6931.8865546218487395,554,47190,3839.0,3045.0,2,31-40,TotalP_1
Dread Disease W.L.,3258,39110140,12004.340085942296,1194,253500,6052.5,3818.0,2,31-40,TotalP_1
Endowment,1044,121124709,116019.836206896552,0,5047380,43456.0,178930.0,2,31-40,TotalP_1
Female Disease,12962,58122153,4484.0420459805585558,99,62095,3060.0,3975.0,2,31-40,TotalP_1
Inc. Dec. Term Life,9,4659962,517773.555555555556,3213,3975000,53100.0,3213.0,2,31-40,TotalP_1
Injury,9,84225,9358.3333333333333333,3235,43055,5130.0,3235.0,2,31-40,TotalP_1
J.M.I.P,18,8507092,472616.222222222222,17412,991525,572982.0,17412.0,2,31-40,TotalP_1
Joint life,20,165691,8284.5500000000000000,0,20940,8562.0,3030.0,2,31-40,TotalP_1
Joint life(Flexible),176,51681427,293644.471590909091,0,2316960,52635.0,3603.0,2,31-40,TotalP_1
Juvenile,3906,54652546,13991.947260624680,2589,1156734,8243.0,5306.0,2,31-40,TotalP_1
Maternity Insurance(or New Pregnant Woman Insurance),3,230775,76925.000000000000,75605,77585,77585.0,77585.0,2,31-40,TotalP_1
Medical,134988,1252648812,9279.7049515512489999,0,458650,5378.0,6096.0,2,31-40,TotalP_1
Medical（Coins） ,1,500,500.0000000000000000,500,500,500.0,500.0,2,31-40,TotalP_1
M.I.P,4217,44587846,10573.356888783495,820,172650,4500.0,3000.0,2,31-40,TotalP_1
Nursing care,23,150618,6548.6086956521739130,1630,49950,3980.0,2235.0,2,31-40,TotalP_1
Term life,4765,46324166,9721.7557187827911857,0,1610172,4020.0,3100.0,2,31-40,TotalP_1
VL Endowment,38,1474126,38792.789473684211,0,700000,14190.0,4896.0,2,31-40,TotalP_1
VL Whole life,1024,59756139,58355.604492187500,0,5842260,5980.0,3000.0,2,31-40,TotalP_1
Whole life,20319,470842353,23172.516019489148,0,15000000,6816.0,4872.0,2,31-40,TotalP_1
Annuity(Annuity Certain ),1773,63071059,35573.073322053017,5000,3059820,15000.0,10000.0,1,41-50,TotalP_1
Annuity(Whole Life Annuity With Guaranteed Installment ),42,2980004,70952.476190476190,13000,548275,29784.0,20000.0,1,41-50,TotalP_1
Cancer,45244,314009994,6940.3676509592432146,132,701368,3678.0,844.0,1,41-50,TotalP_1
Dread Disease T.L.,1034,8113693,7846.8984526112185687,780,301940,4375.0,3970.0,1,41-50,TotalP_1
Dread Disease W.L.,3653,49444325,13535.265535176567,1000,681270,8529.0,3042.0,1,41-50,TotalP_1
Endowment,2027,560583867,276558.395165268870,0,10024710,125020.0,88690.0,1,41-50,TotalP_1
Female Disease,1272,4553375,3579.6973270440251572,99,54860,2690.0,1875.0,1,41-50,TotalP_1
Inc. Dec. Term Life,58,35092655,605045.775862068966,3010,5784820,49299.0,3010.0,1,41-50,TotalP_1
Injury,204,20027301,98173.044117647059,3290,936595,56555.0,9470.0,1,41-50,TotalP_1
J.M.I.P,76,35312397,464636.802631578947,10344,5252940,570942.0,573312.0,1,41-50,TotalP_1
Joint life,265,9401689,35478.071698113208,966,593125,14939.0,8522.0,1,41-50,TotalP_1
Joint life(Flexible),630,294284977,467119.011111111111,0,23420629,31471.5,30264.0,1,41-50,TotalP_1
Juvenile,4162,79499380,19101.244593945219,2994,504885,9816.5,12648.0,1,41-50,TotalP_1
Medical,109120,1197224829,10971.635163123167,0,628544,5745.0,4680.0,1,41-50,TotalP_1
Medical（Coins） ,2,1000,500.0000000000000000,500,500,500.0,500.0,1,41-50,TotalP_1
M.I.P,17206,280515398,16303.347553179124,600,1065120,6946.5,5820.0,1,41-50,TotalP_1
Nursing care,132,1718159,13016.356060606061,1450,244506,5000.0,7090.0,1,41-50,TotalP_1
Term life,21961,387184000,17630.526843039934,0,9084000,7583.0,4010.0,1,41-50,TotalP_1
VL Endowment,97,35525655,366243.865979381443,3042,3660000,37050.0,691760.0,1,41-50,TotalP_1
VL Whole life,2136,163613443,76598.053838951311,0,14964180,9917.0,3000.0,1,41-50,TotalP_1
Whole life,33557,1192524386,35537.276454987037,0,10000000,11760.0,5142.0,1,41-50,TotalP_1
Annuity(Annuity Certain ),1438,44978288,31278.364394993046,3906,1500000,14798.0,10000.0,2,41-50,TotalP_1
Annuity(Whole Life Annuity With Guaranteed Installment ),40,4327263,108181.575000000000,10000,982648,35440.5,20000.0,2,41-50,TotalP_1
Cancer,18074,125269219,6930.9073254398583601,373,509211,3882.0,3228.0,2,41-50,TotalP_1
Dread Disease T.L.,442,3040872,6879.8009049773755656,521,66785,3757.5,3490.0,2,41-50,TotalP_1
Dread Disease W.L.,2120,28718684,13546.549056603774,0,245404,7444.0,7634.0,2,41-50,TotalP_1
Endowment,1202,166530699,138544.674708818636,0,5013972,87420.0,179554.0,2,41-50,TotalP_1
Female Disease,7315,36848887,5037.4418318523581681,126,80460,3120.0,3210.0,2,41-50,TotalP_1
Inc. Dec. Term Life,10,5745799,574579.900000000000,3009,2888500,68539.5,3009.0,2,41-50,TotalP_1
Injury,22,4772752,216943.272727272727,3975,669910,214715.0,3975.0,2,41-50,TotalP_1
J.M.I.P,37,19807266,535331.513513513514,52044,950560,572232.0,570600.0,2,41-50,TotalP_1
Joint life,47,1044380,22220.851063829787,0,157455,14599.0,3120.0,2,41-50,TotalP_1
Joint life(Flexible),213,70359298,330325.342723004695,0,2691120,116808.0,75427.0,2,41-50,TotalP_1
Juvenile,1480,30268138,20451.444594594595,3030,1172600,8981.5,5350.0,2,41-50,TotalP_1
Medical,94055,1028226850,10932.187018234012,0,731750,5710.0,6920.0,2,41-50,TotalP_1
Medical（Coins） ,2,1000,500.0000000000000000,500,500,500.0,500.0,2,41-50,TotalP_1
M.I.P,2711,27915241,10297.027296200664,385,411292,4600.0,3120.0,2,41-50,TotalP_1
Nursing care,60,768868,12814.466666666667,1500,128129,5520.0,2550.0,2,41-50,TotalP_1
Term life,5502,65200183,11850.269538349691,259,2044309,4248.5,3000.0,2,41-50,TotalP_1
VL Endowment,43,13962441,324707.930232558140,0,4832940,23160.0,1000000.0,2,41-50,TotalP_1
VL Whole life,743,189540932,255102.196500672948,0,10024950,9256.0,1000000.0,2,41-50,TotalP_1
Whole life,17116,792602079,46307.669957934097,0,30000000,8680.0,3000000.0,2,41-50,TotalP_1
Annuity(Annuity Certain ),1128,45352162,40205.817375886525,0,2000000,20000.0,20000.0,1,51-60,TotalP_1
Annuity(Whole Life Annuity With Guaranteed Installment ),28,1954713,69811.178571428571,5000,355014,34944.5,30000.0,1,51-60,TotalP_1
Cancer,41764,374025038,8955.6804424863518820,0,653320,5063.0,1345.0,1,51-60,TotalP_1
Dread Disease T.L.,632,5647174,8935.4018987341772152,780,240240,5410.0,4830.0,1,51-60,TotalP_1
Dread Disease W.L.,2459,40978777,16664.813745424969,0,1401980,9881.0,8698.0,1,51-60,TotalP_1
Endowment,2027,777284710,383465.569807597435,0,44374400,180930.0,178705.0,1,51-60,TotalP_1
Female Disease,1312,5168353,3939.2934451219512195,162,64125,2730.0,3430.0,1,51-60,TotalP_1
Inc. Dec. Term Life,123,71521479,581475.439024390244,4152,11398900,113340.0,4152.0,1,51-60,TotalP_1
Injury,351,37586366,107083.663817663818,2320,656705,85792.0,71256.0,1,51-60,TotalP_1
J.M.I.P,47,22000716,468100.340425531915,12288,1048586,573996.0,574812.0,1,51-60,TotalP_1
Joint life,146,6353485,43517.020547945205,0,1856600,16688.0,11072.0,1,51-60,TotalP_1
Joint life(Flexible),474,213045687,449463.474683544304,0,13484059,48660.0,587485.0,1,51-60,TotalP_1
Juvenile,821,19257790,23456.504263093788,3178,374236,11100.0,5638.0,1,51-60,TotalP_1
Medical,78885,1001187528,12691.735158775433,0,1325990,6434.0,7220.0,1,51-60,TotalP_1
Medical（Coins） ,2,1000,500.0000000000000000,500,500,500.0,500.0,1,51-60,TotalP_1
M.I.P,6731,153234828,22765.536770167880,0,1435896,9737.5,6975.0,1,51-60,TotalP_1
Nursing care,85,1814452,21346.494117647059,0,265060,9810.0,3020.0,1,51-60,TotalP_1
Term life,19050,479563772,25173.951286089239,0,10364410,10169.0,8040.0,1,51-60,TotalP_1
VL Endowment,98,136186130,1389654.387755102041,0,28396900,432350.0,432350.0,1,51-60,TotalP_1
VL Whole life,1064,712372703,669523.217105263158,0,123318000,13936.0,10000.0,1,51-60,TotalP_1
Whole life,20922,1365347212,65258.924194627665,0,37349136,13493.5,10246.0,1,51-60,TotalP_1
Annuity(Annuity Certain ),1055,64409299,61051.468246445498,0,2870928,20000.0,20000.0,2,51-60,TotalP_1
Annuity(Whole Life Annuity With Guaranteed Installment ),24,7522321,313430.041666666667,10000,1510044,62349.5,50000.0,2,51-60,TotalP_1
Cancer,18626,157342247,8447.4523247073982605,0,857450,5003.0,4762.0,2,51-60,TotalP_1
Dread Disease T.L.,376,3171532,8434.9255319148936170,984,106220,4402.5,3279.0,2,51-60,TotalP_1
Dread Disease W.L.,1736,33828037,19486.196428571429,0,921730,9432.0,9454.0,2,51-60,TotalP_1
Endowment,878,136584954,155563.728929384966,0,6470000,88315.5,178710.0,2,51-60,TotalP_1
Female Disease,3944,19084708,4838.9219066937119675,0,77010,2915.0,2865.0,2,51-60,TotalP_1
Inc. Dec. Term Life,24,9753189,406382.875000000000,6214,2533100,267372.5,598230.0,2,51-60,TotalP_1
Injury,15,1427552,95170.133333333333,4205,546179,14570.0,7850.0,2,51-60,TotalP_1
J.M.I.P,40,23199302,579982.550000000000,26880,2333282,580776.0,571956.0,2,51-60,TotalP_1
Joint life,17,1008265,59309.705882352941,5630,661450,19170.0,5630.0,2,51-60,TotalP_1
Joint life(Flexible),268,155903870,581730.858208955224,0,9957284,349950.0,1872738.0,2,51-60,TotalP_1
Juvenile,458,6557569,14317.836244541485,3000,315576,7597.5,5483.0,2,51-60,TotalP_1
Medical,67016,925299156,13807.137937209025,0,858850,6365.0,2970.0,2,51-60,TotalP_1
Medical（Coins） ,4,2000,500.0000000000000000,500,500,500.0,500.0,2,51-60,TotalP_1
M.I.P,1062,13705240,12905.122410546139,1440,485520,5550.0,3150.0,2,51-60,TotalP_1
Nursing care,68,2333946,34322.735294117647,0,207449,11565.0,11330.0,2,51-60,TotalP_1
Term life,5360,80978029,15107.841231343284,0,2700200,5124.5,4064.0,2,51-60,TotalP_1
VL Endowment,41,10404337,253764.317073170732,0,1000000,28635.0,10000.0,2,51-60,TotalP_1
VL Whole life,607,398972501,657285.833607907743,0,120417000,9456.0,1000000.0,2,51-60,TotalP_1
Whole life,14287,1110766262,77746.641142297193,0,10000000,9873.0,3000000.0,2,51-60,TotalP_1
Annuity(Annuity Certain ),182,8739409,48018.730769230769,0,700000,20000.0,10000.0,1,61-64,TotalP_1
Annuity(Whole Life Annuity With Guaranteed Installment ),7,849936,121419.428571428571,32482,344764,43000.0,32482.0,1,61-64,TotalP_1
Cancer,9918,126217679,12726.122101230087,0,733688,7175.0,7607.0,1,61-64,TotalP_1
Dread Disease T.L.,126,1697765,13474.325396825397,1185,308536,6719.0,4464.0,1,61-64,TotalP_1
Dread Disease W.L.,463,10038117,21680.598272138229,0,414925,11299.0,15960.0,1,61-64,TotalP_1
Endowment,574,189443697,330041.283972125436,0,10042260,178930.0,178875.0,1,61-64,TotalP_1
Female Disease,246,965215,3923.6382113821138211,387,69555,2817.5,2910.0,1,61-64,TotalP_1
Inc. Dec. Term Life,55,20273152,368602.763636363636,6929,6192150,104160.0,6929.0,1,61-64,TotalP_1
Injury,88,11105225,126195.738636363636,3675,2708250,65172.5,6845.0,1,61-64,TotalP_1
J.M.I.P,7,10132672,1447524.571428571429,574812,6672820,575220.0,574812.0,1,61-64,TotalP_1
Joint life,24,265692,11070.500000000000,0,41051,14529.0,1707.0,1,61-64,TotalP_1
Joint life(Flexible),128,51313024,400883.000000000000,0,5136210,82674.0,30297.0,1,61-64,TotalP_1
Juvenile,105,1739760,16569.142857142857,3429,327898,9129.0,7036.0,1,61-64,TotalP_1
Medical,21287,351579171,16516.144642269930,0,857243,8167.5,4555.0,1,61-64,TotalP_1
Medical（Coins） ,2,1000,500.0000000000000000,500,500,500.0,500.0,1,61-64,TotalP_1
M.I.P,903,31200455,34551.998892580288,0,1332900,13065.0,6810.0,1,61-64,TotalP_1
Nursing care,18,254710,14150.555555555556,3320,32410,12855.0,22840.0,1,61-64,TotalP_1
Term life,4783,158472013,33132.346435291658,0,4693843,12360.0,3046.0,1,61-64,TotalP_1
VL Endowment,24,18251206,760466.916666666667,9030,3965450,696640.0,432350.0,1,61-64,TotalP_1
VL Whole life,212,364333040,1718552.075471698113,0,103382500,19950.0,3836.0,1,61-64,TotalP_1
Whole life,5003,640704979,128064.157305616630,0,34846740,13770.0,3000000.0,1,61-64,TotalP_1
Annuity(Annuity Certain ),169,13876729,82110.822485207101,0,1782396,20000.0,10000.0,2,61-64,TotalP_1
Annuity(Whole Life Annuity With Guaranteed Installment ),4,6213756,1553439.000000000000,20000,3940080,1126838.0,20000.0,2,61-64,TotalP_1
Cancer,5174,55428491,10712.889640510244,0,701368,6425.0,6435.0,2,61-64,TotalP_1
Dread Disease T.L.,107,1884136,17608.747663551402,1794,405440,6270.0,3460.0,2,61-64,TotalP_1
Dread Disease W.L.,369,7131846,19327.495934959350,0,454020,9525.5,4807.0,2,61-64,TotalP_1
Endowment,267,52887020,198078.726591760300,0,20697600,94649.0,213942.0,2,61-64,TotalP_1
Female Disease,780,3751506,4809.6230769230769231,0,50055,2915.0,2910.0,2,61-64,TotalP_1
Inc. Dec. Term Life,11,36157807,3287073.363636363636,6712,8915140,713100.0,8211085.0,2,61-64,TotalP_1
Injury,2,60040,30020.000000000000,13600,46440,30020.0,13600.0,2,61-64,TotalP_1
J.M.I.P,12,6949512,579126.000000000000,571956,592440,577794.0,571956.0,2,61-64,TotalP_1
Joint life,2,218028,109014.000000000000,13278,204750,109014.0,13278.0,2,61-64,TotalP_1
Joint life(Flexible),109,79174931,726375.513761467890,0,12752600,323373.0,30147.0,2,61-64,TotalP_1
Juvenile,180,3048818,16937.877777777778,3107,150780,8637.0,5292.0,2,61-64,TotalP_1
Medical,20427,339597008,16624.908601360944,0,1089550,7275.0,3500.0,2,61-64,TotalP_1
Medical（Coins） ,1,500,500.0000000000000000,500,500,500.0,500.0,2,61-64,TotalP_1
M.I.P,190,2654165,13969.289473684211,870,289586,6542.0,3210.0,2,61-64,TotalP_1
Nursing care,23,1382348,60102.086956521739,3640,343880,19351.0,3640.0,2,61-64,TotalP_1
Term life,1603,40828010,25469.750467872739,0,5214600,6221.0,5060.0,2,61-64,TotalP_1
VL Endowment,10,6945580,694558.000000000000,0,2000000,960240.0,7464.0,2,61-64,TotalP_1
VL Whole life,169,267599059,1583426.384615384615,0,127203000,12762.0,3220.0,2,61-64,TotalP_1
Whole life,4113,506087480,123045.825431558473,0,30000000,9690.0,3000000.0,2,61-64,TotalP_1
Annuity(Annuity Certain ),146,11124248,76193.479452054795,0,2000000,20000.0,10000.0,1,greater than 64,TotalP_1
Annuity(Whole Life Annuity With Guaranteed Installment ),5,652646,130529.200000000000,24375,500000,40513.0,24375.0,1,greater than 64,TotalP_1
Cancer,12541,291744063,23263.221672912846,0,882860,10279.0,9493.0,1,greater than 64,TotalP_1
Dread Disease T.L.,97,950663,9800.6494845360824742,0,63574,6220.0,3618.0,1,greater than 64,TotalP_1
Dread Disease W.L.,441,9814632,22255.401360544218,0,582960,11656.0,15960.0,1,greater than 64,TotalP_1
Endowment,961,543952105,566027.164412070760,0,40170780,244389.0,178694.0,1,greater than 64,TotalP_1
Female Disease,283,1484013,5243.8621908127208481,0,69555,2930.0,2910.0,1,greater than 64,TotalP_1
Inc. Dec. Term Life,108,79524197,736335.157407407407,3422,7693400,260475.5,418450.0,1,greater than 64,TotalP_1
Injury,142,18803270,132417.394366197183,3012,3276760,9305.0,4505.0,1,greater than 64,TotalP_1
J.M.I.P,15,7271841,484789.400000000000,38124,670140,577248.0,38124.0,1,greater than 64,TotalP_1
Joint life,48,2451996,51083.250000000000,0,705615,18992.0,640.0,1,greater than 64,TotalP_1
Joint life(Flexible),312,195410699,626316.342948717949,0,12327190,344694.0,92860.0,1,greater than 64,TotalP_1
Juvenile,103,2175080,21117.281553398058,3118,563025,8546.0,3118.0,1,greater than 64,TotalP_1
Medical,28818,575936458,19985.302866264140,0,1113300,9515.0,5490.0,1,greater than 64,TotalP_1
Medical（Coins） ,2,1000,500.0000000000000000,500,500,500.0,500.0,1,greater than 64,TotalP_1
M.I.P,511,19921335,38985.000000000000,0,887796,16786.5,7745.0,1,greater than 64,TotalP_1
Nursing care,33,1671847,50662.030303030303,0,599759,19115.0,14890.0,1,greater than 64,TotalP_1
Term life,6395,293134076,45838.010320562940,0,11786410,15396.0,6330.0,1,greater than 64,TotalP_1
VL Endowment,109,69328723,636043.330275229358,0,6993000,605290.0,861400.0,1,greater than 64,TotalP_1
VL Whole life,333,1345406290,4040259.129129129129,0,71810000,39599.0,1000000.0,1,greater than 64,TotalP_1
Whole life,7287,1229507236,168726.119939618499,0,48215230,12930.0,3000000.0,1,greater than 64,TotalP_1
Annuity(Annuity Certain ),140,20347601,145340.007142857143,0,3653300,20000.0,10000.0,2,greater than 64,TotalP_1
Annuity(Whole Life Annuity With Guaranteed Installment ),5,6814901,1362980.200000000000,0,4947720,1185837.0,681344.0,2,greater than 64,TotalP_1
Cancer,8359,129511339,15493.640267974638,0,701368,8150.0,8140.0,2,greater than 64,TotalP_1
Dread Disease T.L.,79,667483,8449.1518987341772152,0,53824,4644.0,3195.0,2,greater than 64,TotalP_1
Dread Disease W.L.,430,9552259,22214.555813953488,0,432495,10175.0,4807.0,2,greater than 64,TotalP_1
Endowment,467,84891196,181779.862955032120,0,6662044,90091.5,213942.0,2,greater than 64,TotalP_1
Female Disease,935,4752063,5082.4203208556149733,0,51530,3180.0,2910.0,2,greater than 64,TotalP_1
Inc. Dec. Term Life,11,4267455,387950.454545454545,13220,1987008,187734.0,13220.0,2,greater than 64,TotalP_1
Injury,12,2606545,217212.083333333333,3520,1096020,61477.5,3590.0,2,greater than 64,TotalP_1
J.M.I.P,9,6934507,770500.777777777778,406755,2463400,576432.0,406755.0,2,greater than 64,TotalP_1
Joint life,12,396731,33060.916666666667,0,226120,16324.0,8327.0,2,greater than 64,TotalP_1
Joint life(Flexible),320,234300169,732188.028125000000,0,17761600,364594.5,31236.0,2,greater than 64,TotalP_1
Juvenile,202,4717337,23353.153465346535,2786,242006,9111.0,6102.0,2,greater than 64,TotalP_1
Medical,35154,651365112,18528.904591227172,0,1020600,8082.0,4300.0,2,greater than 64,TotalP_1
M.I.P,165,3107826,18835.309090909091,0,937575,8335.0,3140.0,2,greater than 64,TotalP_1
Nursing care,28,1212190,43292.500000000000,0,316240,18610.0,21960.0,2,greater than 64,TotalP_1
Term life,2897,98432102,33977.253020365896,0,4613827,8645.0,3510.0,2,greater than 64,TotalP_1
VL Endowment,16,338893127,21180820.437500000000,8239,100000000,2123805.0,8239.0,2,greater than 64,TotalP_1
VL Whole life,348,827800919,2378738.272988505747,0,82449000,35490.0,1000000.0,2,greater than 64,TotalP_1
Whole life,8130,1650183604,202974.613038130381,0,38755380,9055.0,3000000.0,2,greater than 64,TotalP_1
Annuity(Annuity Certain ),83,0,0E-20,0,0,,,1,18-22,APL Cumulative Balance
Annuity(Whole Life Annuity With Guaranteed Installment ),5,0,0E-20,0,0,,,1,18-22,APL Cumulative Balance
Cancer,1980,0,0E-20,0,0,,,1,18-22,APL Cumulative Balance
Dread Disease T.L.,11,0,0E-20,0,0,,,1,18-22,APL Cumulative Balance
Dread Disease W.L.,243,0,0E-20,0,0,,,1,18-22,APL Cumulative Balance
Endowment,91,0,0E-20,0,0,,,1,18-22,APL Cumulative Balance
Female Disease,3,0,0E-20,0,0,,,1,18-22,APL Cumulative Balance
Inc. Dec. Term Life,1,0,0E-20,0,0,,,1,18-22,APL Cumulative Balance
J.M.I.P,1,0,0E-20,0,0,,,1,18-22,APL Cumulative Balance
Joint life(Flexible),23,0,0E-20,0,0,,,1,18-22,APL Cumulative Balance
Juvenile,85,0,0E-20,0,0,,,1,18-22,APL Cumulative Balance
Medical,6073,0,0E-20,0,0,,,1,18-22,APL Cumulative Balance
M.I.P,123,0,0E-20,0,0,,,1,18-22,APL Cumulative Balance
Nursing care,2,0,0E-20,0,0,,,1,18-22,APL Cumulative Balance
Term life,478,0,0E-20,0,0,,,1,18-22,APL Cumulative Balance
VL Endowment,3,0,0E-20,0,0,,,1,18-22,APL Cumulative Balance
VL Whole life,64,0,0E-20,0,0,,,1,18-22,APL Cumulative Balance
Whole life,2236,0,0E-20,0,0,,,1,18-22,APL Cumulative Balance
Annuity(Annuity Certain ),67,0,0E-20,0,0,,,2,18-22,APL Cumulative Balance
Annuity(Whole Life Annuity With Guaranteed Installment ),4,0,0E-20,0,0,,,2,18-22,APL Cumulative Balance
Cancer,1539,0,0E-20,0,0,,,2,18-22,APL Cumulative Balance
Dread Disease T.L.,13,0,0E-20,0,0,,,2,18-22,APL Cumulative Balance
Dread Disease W.L.,191,0,0E-20,0,0,,,2,18-22,APL Cumulative Balance
Endowment,94,0,0E-20,0,0,,,2,18-22,APL Cumulative Balance
Female Disease,531,0,0E-20,0,0,,,2,18-22,APL Cumulative Balance
Joint life(Flexible),16,0,0E-20,0,0,,,2,18-22,APL Cumulative Balance
Juvenile,78,0,0E-20,0,0,,,2,18-22,APL Cumulative Balance
Medical,5916,0,0E-20,0,0,,,2,18-22,APL Cumulative Balance
M.I.P,19,0,0E-20,0,0,,,2,18-22,APL Cumulative Balance
Nursing care,6,0,0E-20,0,0,,,2,18-22,APL Cumulative Balance
Term life,258,0,0E-20,0,0,,,2,18-22,APL Cumulative Balance
VL Endowment,2,0,0E-20,0,0,,,2,18-22,APL Cumulative Balance
VL Whole life,28,0,0E-20,0,0,,,2,18-22,APL Cumulative Balance
Whole life,1346,0,0E-20,0,0,,,2,18-22,APL Cumulative Balance
Annuity(Annuity Certain ),1007,0,0E-20,0,0,,,1,23-30,APL Cumulative Balance
Annuity(Whole Life Annuity With Guaranteed Installment ),28,0,0E-20,0,0,,,1,23-30,APL Cumulative Balance
Cancer,29783,0,0E-24,0,0,,,1,23-30,APL Cumulative Balance
Dread Disease T.L.,294,0,0E-20,0,0,,,1,23-30,APL Cumulative Balance
Dread Disease W.L.,2966,0,0E-20,0,0,,,1,23-30,APL Cumulative Balance
Endowment,601,0,0E-20,0,0,,,1,23-30,APL Cumulative Balance
Female Disease,271,0,0E-20,0,0,,,1,23-30,APL Cumulative Balance
Inc. Dec. Term Life,5,0,0E-20,0,0,,,1,23-30,APL Cumulative Balance
Injury,6,0,0E-20,0,0,,,1,23-30,APL Cumulative Balance
J.M.I.P,7,0,0E-20,0,0,,,1,23-30,APL Cumulative Balance
Joint life,79,0,0E-20,0,0,,,1,23-30,APL Cumulative Balance
Joint life(Flexible),241,0,0E-20,0,0,,,1,23-30,APL Cumulative Balance
Juvenile,2353,0,0E-20,0,0,,,1,23-30,APL Cumulative Balance
Maternity Insurance(or New Pregnant Woman Insurance),2,0,0E-20,0,0,,,1,23-30,APL Cumulative Balance
Medical,64440,0,0E-24,0,0,,,1,23-30,APL Cumulative Balance
M.I.P,7547,0,0E-20,0,0,,,1,23-30,APL Cumulative Balance
Nursing care,35,0,0E-20,0,0,,,1,23-30,APL Cumulative Balance
Term life,6178,0,0E-20,0,0,,,1,23-30,APL Cumulative Balance
VL Endowment,29,0,0E-20,0,0,,,1,23-30,APL Cumulative Balance
VL Whole life,994,0,0E-20,0,0,,,1,23-30,APL Cumulative Balance
Whole life,23088,0,0E-24,0,0,,,1,23-30,APL Cumulative Balance
Annuity(Annuity Certain ),844,0,0E-20,0,0,,,2,23-30,APL Cumulative Balance
Annuity(Whole Life Annuity With Guaranteed Installment ),19,0,0E-20,0,0,,,2,23-30,APL Cumulative Balance
Cancer,14690,0,0E-24,0,0,,,2,23-30,APL Cumulative Balance
Dread Disease T.L.,172,0,0E-20,0,0,,,2,23-30,APL Cumulative Balance
Dread Disease W.L.,1896,0,0E-20,0,0,,,2,23-30,APL Cumulative Balance
Endowment,650,0,0E-20,0,0,,,2,23-30,APL Cumulative Balance
Female Disease,7767,0,0E-20,0,0,,,2,23-30,APL Cumulative Balance
Inc. Dec. Term Life,2,0,0E-20,0,0,,,2,23-30,APL Cumulative Balance
Injury,1,0,0E-20,0,0,,,2,23-30,APL Cumulative Balance
J.M.I.P,2,0,0E-20,0,0,,,2,23-30,APL Cumulative Balance
Joint life,7,0,0E-20,0,0,,,2,23-30,APL Cumulative Balance
Joint life(Flexible),56,0,0E-20,0,0,,,2,23-30,APL Cumulative Balance
Juvenile,1366,0,0E-20,0,0,,,2,23-30,APL Cumulative Balance
Maternity Insurance(or New Pregnant Woman Insurance),3,0,0E-20,0,0,,,2,23-30,APL Cumulative Balance
Medical,69129,0,0E-24,0,0,,,2,23-30,APL Cumulative Balance
M.I.P,1230,0,0E-20,0,0,,,2,23-30,APL Cumulative Balance
Nursing care,22,0,0E-20,0,0,,,2,23-30,APL Cumulative Balance
Term life,2115,0,0E-20,0,0,,,2,23-30,APL Cumulative Balance
VL Endowment,24,0,0E-20,0,0,,,2,23-30,APL Cumulative Balance
VL Whole life,462,0,0E-20,0,0,,,2,23-30,APL Cumulative Balance
Whole life,12018,0,0E-24,0,0,,,2,23-30,APL Cumulative Balance
Annuity(Annuity Certain ),2146,60699,28.2847157502329916,0,60699,60699.0,60699.0,1,31-40,APL Cumulative Balance
Annuity(Whole Life Annuity With Guaranteed Installment ),66,0,0E-20,0,0,,,1,31-40,APL Cumulative Balance
Cancer,50980,0,0E-24,0,0,,,1,31-40,APL Cumulative Balance
Dread Disease T.L.,1015,0,0E-20,0,0,,,1,31-40,APL Cumulative Balance
Dread Disease W.L.,6019,0,0E-20,0,0,,,1,31-40,APL Cumulative Balance
Endowment,1376,0,0E-20,0,0,,,1,31-40,APL Cumulative Balance
Female Disease,1212,0,0E-20,0,0,,,1,31-40,APL Cumulative Balance
Inc. Dec. Term Life,27,0,0E-20,0,0,,,1,31-40,APL Cumulative Balance
Injury,132,0,0E-20,0,0,,,1,31-40,APL Cumulative Balance
J.M.I.P,47,0,0E-20,0,0,,,1,31-40,APL Cumulative Balance
Joint life,249,0,0E-20,0,0,,,1,31-40,APL Cumulative Balance
Joint life(Flexible),669,0,0E-20,0,0,,,1,31-40,APL Cumulative Balance
Juvenile,7973,0,0E-20,0,0,,,1,31-40,APL Cumulative Balance
Medical,140116,0,0E-24,0,0,,,1,31-40,APL Cumulative Balance
M.I.P,27279,0,0E-24,0,0,,,1,31-40,APL Cumulative Balance
Nursing care,121,0,0E-20,0,0,,,1,31-40,APL Cumulative Balance
Term life,21829,0,0E-24,0,0,,,1,31-40,APL Cumulative Balance
VL Endowment,182,0,0E-20,0,0,,,1,31-40,APL Cumulative Balance
VL Whole life,2952,0,0E-20,0,0,,,1,31-40,APL Cumulative Balance
Whole life,46260,0,0E-24,0,0,,,1,31-40,APL Cumulative Balance
Annuity(Annuity Certain ),1608,0,0E-20,0,0,,,2,31-40,APL Cumulative Balance
Annuity(Whole Life Annuity With Guaranteed Installment ),36,0,0E-20,0,0,,,2,31-40,APL Cumulative Balance
Cancer,21314,0,0E-24,0,0,,,2,31-40,APL Cumulative Balance
Dread Disease T.L.,476,0,0E-20,0,0,,,2,31-40,APL Cumulative Balance
Dread Disease W.L.,3258,0,0E-20,0,0,,,2,31-40,APL Cumulative Balance
Endowment,1044,0,0E-20,0,0,,,2,31-40,APL Cumulative Balance
Female Disease,12962,0,0E-24,0,0,,,2,31-40,APL Cumulative Balance
Inc. Dec. Term Life,9,0,0E-20,0,0,,,2,31-40,APL Cumulative Balance
Injury,9,0,0E-20,0,0,,,2,31-40,APL Cumulative Balance
J.M.I.P,18,0,0E-20,0,0,,,2,31-40,APL Cumulative Balance
Joint life,20,0,0E-20,0,0,,,2,31-40,APL Cumulative Balance
Joint life(Flexible),176,0,0E-20,0,0,,,2,31-40,APL Cumulative Balance
Juvenile,3906,0,0E-20,0,0,,,2,31-40,APL Cumulative Balance
Maternity Insurance(or New Pregnant Woman Insurance),3,0,0E-20,0,0,,,2,31-40,APL Cumulative Balance
Medical,134988,0,0E-24,0,0,,,2,31-40,APL Cumulative Balance
Medical（Coins） ,1,0,0E-20,0,0,,,2,31-40,APL Cumulative Balance
M.I.P,4217,0,0E-20,0,0,,,2,31-40,APL Cumulative Balance
Nursing care,23,0,0E-20,0,0,,,2,31-40,APL Cumulative Balance
Term life,4765,0,0E-20,0,0,,,2,31-40,APL Cumulative Balance
VL Endowment,38,0,0E-20,0,0,,,2,31-40,APL Cumulative Balance
VL Whole life,1024,0,0E-20,0,0,,,2,31-40,APL Cumulative Balance
Whole life,20319,0,0E-24,0,0,,,2,31-40,APL Cumulative Balance
Annuity(Annuity Certain ),1773,998417,563.1229554427523971,0,998417,998417.0,998417.0,1,41-50,APL Cumulative Balance
Annuity(Whole Life Annuity With Guaranteed Installment ),42,0,0E-20,0,0,,,1,41-50,APL Cumulative Balance
Cancer,45244,0,0E-24,0,0,,,1,41-50,APL Cumulative Balance
Dread Disease T.L.,1034,0,0E-20,0,0,,,1,41-50,APL Cumulative Balance
Dread Disease W.L.,3653,0,0E-20,0,0,,,1,41-50,APL Cumulative Balance
Endowment,2027,0,0E-20,0,0,,,1,41-50,APL Cumulative Balance
Female Disease,1272,0,0E-20,0,0,,,1,41-50,APL Cumulative Balance
Inc. Dec. Term Life,58,0,0E-20,0,0,,,1,41-50,APL Cumulative Balance
Injury,204,0,0E-20,0,0,,,1,41-50,APL Cumulative Balance
J.M.I.P,76,0,0E-20,0,0,,,1,41-50,APL Cumulative Balance
Joint life,265,0,0E-20,0,0,,,1,41-50,APL Cumulative Balance
Joint life(Flexible),630,0,0E-20,0,0,,,1,41-50,APL Cumulative Balance
Juvenile,4162,7257,1.7436328688130706,0,7257,7257.0,7257.0,1,41-50,APL Cumulative Balance
Medical,109120,0,0E-24,0,0,,,1,41-50,APL Cumulative Balance
Medical（Coins） ,2,0,0E-20,0,0,,,1,41-50,APL Cumulative Balance
M.I.P,17206,0,0E-24,0,0,,,1,41-50,APL Cumulative Balance
Nursing care,132,0,0E-20,0,0,,,1,41-50,APL Cumulative Balance
Term life,21961,0,0E-24,0,0,,,1,41-50,APL Cumulative Balance
VL Endowment,97,0,0E-20,0,0,,,1,41-50,APL Cumulative Balance
VL Whole life,2136,0,0E-20,0,0,,,1,41-50,APL Cumulative Balance
Whole life,33557,0,0E-24,0,0,,,1,41-50,APL Cumulative Balance
Annuity(Annuity Certain ),1438,0,0E-20,0,0,,,2,41-50,APL Cumulative Balance
Annuity(Whole Life Annuity With Guaranteed Installment ),40,0,0E-20,0,0,,,2,41-50,APL Cumulative Balance
Cancer,18074,0,0E-24,0,0,,,2,41-50,APL Cumulative Balance
Dread Disease T.L.,442,0,0E-20,0,0,,,2,41-50,APL Cumulative Balance
Dread Disease W.L.,2120,0,0E-20,0,0,,,2,41-50,APL Cumulative Balance
Endowment,1202,0,0E-20,0,0,,,2,41-50,APL Cumulative Balance
Female Disease,7315,0,0E-20,0,0,,,2,41-50,APL Cumulative Balance
Inc. Dec. Term Life,10,0,0E-20,0,0,,,2,41-50,APL Cumulative Balance
Injury,22,0,0E-20,0,0,,,2,41-50,APL Cumulative Balance
J.M.I.P,37,0,0E-20,0,0,,,2,41-50,APL Cumulative Balance
Joint life,47,0,0E-20,0,0,,,2,41-50,APL Cumulative Balance
Joint life(Flexible),213,0,0E-20,0,0,,,2,41-50,APL Cumulative Balance
Juvenile,1480,0,0E-20,0,0,,,2,41-50,APL Cumulative Balance
Medical,94055,0,0E-24,0,0,,,2,41-50,APL Cumulative Balance
Medical（Coins） ,2,0,0E-20,0,0,,,2,41-50,APL Cumulative Balance
M.I.P,2711,0,0E-20,0,0,,,2,41-50,APL Cumulative Balance
Nursing care,60,0,0E-20,0,0,,,2,41-50,APL Cumulative Balance
Term life,5502,0,0E-20,0,0,,,2,41-50,APL Cumulative Balance
VL Endowment,43,0,0E-20,0,0,,,2,41-50,APL Cumulative Balance
VL Whole life,743,0,0E-20,0,0,,,2,41-50,APL Cumulative Balance
Whole life,17116,1290,0.07536807665342369713,0,1290,1290.0,1290.0,2,41-50,APL Cumulative Balance
Annuity(Annuity Certain ),1128,0,0E-20,0,0,,,1,51-60,APL Cumulative Balance
Annuity(Whole Life Annuity With Guaranteed Installment ),28,0,0E-20,0,0,,,1,51-60,APL Cumulative Balance
Cancer,41764,0,0E-24,0,0,,,1,51-60,APL Cumulative Balance
Dread Disease T.L.,632,0,0E-20,0,0,,,1,51-60,APL Cumulative Balance
Dread Disease W.L.,2459,0,0E-20,0,0,,,1,51-60,APL Cumulative Balance
Endowment,2027,0,0E-20,0,0,,,1,51-60,APL Cumulative Balance
Female Disease,1312,0,0E-20,0,0,,,1,51-60,APL Cumulative Balance
Inc. Dec. Term Life,123,0,0E-20,0,0,,,1,51-60,APL Cumulative Balance
Injury,351,0,0E-20,0,0,,,1,51-60,APL Cumulative Balance
J.M.I.P,47,0,0E-20,0,0,,,1,51-60,APL Cumulative Balance
Joint life,146,0,0E-20,0,0,,,1,51-60,APL Cumulative Balance
Joint life(Flexible),474,0,0E-20,0,0,,,1,51-60,APL Cumulative Balance
Juvenile,821,0,0E-20,0,0,,,1,51-60,APL Cumulative Balance
Medical,78885,2020,0.02560689611459719845,0,2020,2020.0,2020.0,1,51-60,APL Cumulative Balance
Medical（Coins） ,2,0,0E-20,0,0,,,1,51-60,APL Cumulative Balance
M.I.P,6731,0,0E-20,0,0,,,1,51-60,APL Cumulative Balance
Nursing care,85,0,0E-20,0,0,,,1,51-60,APL Cumulative Balance
Term life,19050,26733,1.4033070866141732,0,25644,13366.5,1089.0,1,51-60,APL Cumulative Balance
VL Endowment,98,0,0E-20,0,0,,,1,51-60,APL Cumulative Balance
VL Whole life,1064,0,0E-20,0,0,,,1,51-60,APL Cumulative Balance
Whole life,20922,0,0E-24,0,0,,,1,51-60,APL Cumulative Balance
Annuity(Annuity Certain ),1055,0,0E-20,0,0,,,2,51-60,APL Cumulative Balance
Annuity(Whole Life Annuity With Guaranteed Installment ),24,0,0E-20,0,0,,,2,51-60,APL Cumulative Balance
Cancer,18626,0,0E-24,0,0,,,2,51-60,APL Cumulative Balance
Dread Disease T.L.,376,0,0E-20,0,0,,,2,51-60,APL Cumulative Balance
Dread Disease W.L.,1736,0,0E-20,0,0,,,2,51-60,APL Cumulative Balance
Endowment,878,0,0E-20,0,0,,,2,51-60,APL Cumulative Balance
Female Disease,3944,0,0E-20,0,0,,,2,51-60,APL Cumulative Balance
Inc. Dec. Term Life,24,0,0E-20,0,0,,,2,51-60,APL Cumulative Balance
Injury,15,0,0E-20,0,0,,,2,51-60,APL Cumulative Balance
J.M.I.P,40,0,0E-20,0,0,,,2,51-60,APL Cumulative Balance
Joint life,17,0,0E-20,0,0,,,2,51-60,APL Cumulative Balance
Joint life(Flexible),268,0,0E-20,0,0,,,2,51-60,APL Cumulative Balance
Juvenile,458,0,0E-20,0,0,,,2,51-60,APL Cumulative Balance
Medical,67016,0,0E-24,0,0,,,2,51-60,APL Cumulative Balance
Medical（Coins） ,4,0,0E-20,0,0,,,2,51-60,APL Cumulative Balance
M.I.P,1062,0,0E-20,0,0,,,2,51-60,APL Cumulative Balance
Nursing care,68,0,0E-20,0,0,,,2,51-60,APL Cumulative Balance
Term life,5360,0,0E-20,0,0,,,2,51-60,APL Cumulative Balance
VL Endowment,41,0,0E-20,0,0,,,2,51-60,APL Cumulative Balance
VL Whole life,607,0,0E-20,0,0,,,2,51-60,APL Cumulative Balance
Whole life,14287,3606,0.25239728424441800238,0,2340,1803.0,1266.0,2,51-60,APL Cumulative Balance
Annuity(Annuity Certain ),182,0,0E-20,0,0,,,1,61-64,APL Cumulative Balance
Annuity(Whole Life Annuity With Guaranteed Installment ),7,0,0E-20,0,0,,,1,61-64,APL Cumulative Balance
Cancer,9918,0,0E-20,0,0,,,1,61-64,APL Cumulative Balance
Dread Disease T.L.,126,0,0E-20,0,0,,,1,61-64,APL Cumulative Balance
Dread Disease W.L.,463,0,0E-20,0,0,,,1,61-64,APL Cumulative Balance
Endowment,574,0,0E-20,0,0,,,1,61-64,APL Cumulative Balance
Female Disease,246,0,0E-20,0,0,,,1,61-64,APL Cumulative Balance
Inc. Dec. Term Life,55,0,0E-20,0,0,,,1,61-64,APL Cumulative Balance
Injury,88,0,0E-20,0,0,,,1,61-64,APL Cumulative Balance
J.M.I.P,7,0,0E-20,0,0,,,1,61-64,APL Cumulative Balance
Joint life,24,0,0E-20,0,0,,,1,61-64,APL Cumulative Balance
Joint life(Flexible),128,0,0E-20,0,0,,,1,61-64,APL Cumulative Balance
Juvenile,105,0,0E-20,0,0,,,1,61-64,APL Cumulative Balance
Medical,21287,0,0E-24,0,0,,,1,61-64,APL Cumulative Balance
Medical（Coins） ,2,0,0E-20,0,0,,,1,61-64,APL Cumulative Balance
M.I.P,903,0,0E-20,0,0,,,1,61-64,APL Cumulative Balance
Nursing care,18,0,0E-20,0,0,,,1,61-64,APL Cumulative Balance
Term life,4783,0,0E-20,0,0,,,1,61-64,APL Cumulative Balance
VL Endowment,24,0,0E-20,0,0,,,1,61-64,APL Cumulative Balance
VL Whole life,212,0,0E-20,0,0,,,1,61-64,APL Cumulative Balance
Whole life,5003,0,0E-20,0,0,,,1,61-64,APL Cumulative Balance
Annuity(Annuity Certain ),169,0,0E-20,0,0,,,2,61-64,APL Cumulative Balance
Annuity(Whole Life Annuity With Guaranteed Installment ),4,0,0E-20,0,0,,,2,61-64,APL Cumulative Balance
Cancer,5174,0,0E-20,0,0,,,2,61-64,APL Cumulative Balance
Dread Disease T.L.,107,0,0E-20,0,0,,,2,61-64,APL Cumulative Balance
Dread Disease W.L.,369,0,0E-20,0,0,,,2,61-64,APL Cumulative Balance
Endowment,267,0,0E-20,0,0,,,2,61-64,APL Cumulative Balance
Female Disease,780,0,0E-20,0,0,,,2,61-64,APL Cumulative Balance
Inc. Dec. Term Life,11,0,0E-20,0,0,,,2,61-64,APL Cumulative Balance
Injury,2,0,0E-20,0,0,,,2,61-64,APL Cumulative Balance
J.M.I.P,12,0,0E-20,0,0,,,2,61-64,APL Cumulative Balance
Joint life,2,0,0E-20,0,0,,,2,61-64,APL Cumulative Balance
Joint life(Flexible),109,0,0E-20,0,0,,,2,61-64,APL Cumulative Balance
Juvenile,180,0,0E-20,0,0,,,2,61-64,APL Cumulative Balance
Medical,20427,0,0E-24,0,0,,,2,61-64,APL Cumulative Balance
Medical（Coins） ,1,0,0E-20,0,0,,,2,61-64,APL Cumulative Balance
M.I.P,190,0,0E-20,0,0,,,2,61-64,APL Cumulative Balance
Nursing care,23,0,0E-20,0,0,,,2,61-64,APL Cumulative Balance
Term life,1603,0,0E-20,0,0,,,2,61-64,APL Cumulative Balance
VL Endowment,10,0,0E-20,0,0,,,2,61-64,APL Cumulative Balance
VL Whole life,169,0,0E-20,0,0,,,2,61-64,APL Cumulative Balance
Whole life,4113,0,0E-20,0,0,,,2,61-64,APL Cumulative Balance
Annuity(Annuity Certain ),146,0,0E-20,0,0,,,1,greater than 64,APL Cumulative Balance
Annuity(Whole Life Annuity With Guaranteed Installment ),5,0,0E-20,0,0,,,1,greater than 64,APL Cumulative Balance
Cancer,12541,0,0E-24,0,0,,,1,greater than 64,APL Cumulative Balance
Dread Disease T.L.,97,0,0E-20,0,0,,,1,greater than 64,APL Cumulative Balance
Dread Disease W.L.,441,0,0E-20,0,0,,,1,greater than 64,APL Cumulative Balance
Endowment,961,0,0E-20,0,0,,,1,greater than 64,APL Cumulative Balance
Female Disease,283,0,0E-20,0,0,,,1,greater than 64,APL Cumulative Balance
Inc. Dec. Term Life,108,0,0E-20,0,0,,,1,greater than 64,APL Cumulative Balance
Injury,142,0,0E-20,0,0,,,1,greater than 64,APL Cumulative Balance
J.M.I.P,15,0,0E-20,0,0,,,1,greater than 64,APL Cumulative Balance
Joint life,48,0,0E-20,0,0,,,1,greater than 64,APL Cumulative Balance
Joint life(Flexible),312,0,0E-20,0,0,,,1,greater than 64,APL Cumulative Balance
Juvenile,103,0,0E-20,0,0,,,1,greater than 64,APL Cumulative Balance
Medical,28818,0,0E-24,0,0,,,1,greater than 64,APL Cumulative Balance
Medical（Coins） ,2,0,0E-20,0,0,,,1,greater than 64,APL Cumulative Balance
M.I.P,511,0,0E-20,0,0,,,1,greater than 64,APL Cumulative Balance
Nursing care,33,0,0E-20,0,0,,,1,greater than 64,APL Cumulative Balance
Term life,6395,64080,10.0203283815480844,0,33657,12459.5,5504.0,1,greater than 64,APL Cumulative Balance
VL Endowment,109,0,0E-20,0,0,,,1,greater than 64,APL Cumulative Balance
VL Whole life,333,0,0E-20,0,0,,,1,greater than 64,APL Cumulative Balance
Whole life,7287,60854,8.3510360916700974,0,60854,60854.0,60854.0,1,greater than 64,APL Cumulative Balance
Annuity(Annuity Certain ),140,0,0E-20,0,0,,,2,greater than 64,APL Cumulative Balance
Annuity(Whole Life Annuity With Guaranteed Installment ),5,0,0E-20,0,0,,,2,greater than 64,APL Cumulative Balance
Cancer,8359,0,0E-20,0,0,,,2,greater than 64,APL Cumulative Balance
Dread Disease T.L.,79,0,0E-20,0,0,,,2,greater than 64,APL Cumulative Balance
Dread Disease W.L.,430,0,0E-20,0,0,,,2,greater than 64,APL Cumulative Balance
Endowment,467,0,0E-20,0,0,,,2,greater than 64,APL Cumulative Balance
Female Disease,935,0,0E-20,0,0,,,2,greater than 64,APL Cumulative Balance
Inc. Dec. Term Life,11,0,0E-20,0,0,,,2,greater than 64,APL Cumulative Balance
Injury,12,0,0E-20,0,0,,,2,greater than 64,APL Cumulative Balance
J.M.I.P,9,0,0E-20,0,0,,,2,greater than 64,APL Cumulative Balance
Joint life,12,0,0E-20,0,0,,,2,greater than 64,APL Cumulative Balance
Joint life(Flexible),320,0,0E-20,0,0,,,2,greater than 64,APL Cumulative Balance
Juvenile,202,0,0E-20,0,0,,,2,greater than 64,APL Cumulative Balance
Medical,35154,0,0E-24,0,0,,,2,greater than 64,APL Cumulative Balance
M.I.P,165,0,0E-20,0,0,,,2,greater than 64,APL Cumulative Balance
Nursing care,28,0,0E-20,0,0,,,2,greater than 64,APL Cumulative Balance
Term life,2897,9249,3.1926130479806697,0,9249,9249.0,9249.0,2,greater than 64,APL Cumulative Balance
VL Endowment,16,0,0E-20,0,0,,,2,greater than 64,APL Cumulative Balance
VL Whole life,348,0,0E-20,0,0,,,2,greater than 64,APL Cumulative Balance
Whole life,8130,0,0E-20,0,0,,,2,greater than 64,APL Cumulative Balance
Annuity(Annuity Certain ),83,1,0.01204819277108433735,0,1,1.0,1.0,1,18-22,APL Number of Payment
Annuity(Whole Life Annuity With Guaranteed Installment ),5,0,0E-20,0,0,,,1,18-22,APL Number of Payment
Cancer,1980,0,0E-20,0,0,,,1,18-22,APL Number of Payment
Dread Disease T.L.,11,0,0E-20,0,0,,,1,18-22,APL Number of Payment
Dread Disease W.L.,243,13,0.05349794238683127572,0,2,1.0,1.0,1,18-22,APL Number of Payment
Endowment,91,14,0.15384615384615384615,0,2,1.0,1.0,1,18-22,APL Number of Payment
Female Disease,3,0,0E-20,0,0,,,1,18-22,APL Number of Payment
Inc. Dec. Term Life,1,0,0E-20,0,0,,,1,18-22,APL Number of Payment
J.M.I.P,1,0,0E-20,0,0,,,1,18-22,APL Number of Payment
Joint life(Flexible),23,3,0.13043478260869565217,0,1,1.0,1.0,1,18-22,APL Number of Payment
Juvenile,85,4,0.04705882352941176471,0,1,1.0,1.0,1,18-22,APL Number of Payment
Medical,6073,8,0.00131730610900708052,0,1,1.0,1.0,1,18-22,APL Number of Payment
M.I.P,123,0,0E-20,0,0,,,1,18-22,APL Number of Payment
Nursing care,2,0,0E-20,0,0,,,1,18-22,APL Number of Payment
Term life,478,0,0E-20,0,0,,,1,18-22,APL Number of Payment
VL Endowment,3,0,0E-20,0,0,,,1,18-22,APL Number of Payment
VL Whole life,64,0,0E-20,0,0,,,1,18-22,APL Number of Payment
Whole life,2236,103,0.04606440071556350626,0,3,1.0,1.0,1,18-22,APL Number of Payment
Annuity(Annuity Certain ),67,4,0.05970149253731343284,0,2,1.0,1.0,2,18-22,APL Number of Payment
Annuity(Whole Life Annuity With Guaranteed Installment ),4,0,0E-20,0,0,,,2,18-22,APL Number of Payment
Cancer,1539,0,0E-20,0,0,,,2,18-22,APL Number of Payment
Dread Disease T.L.,13,0,0E-20,0,0,,,2,18-22,APL Number of Payment
Dread Disease W.L.,191,6,0.03141361256544502618,0,1,1.0,1.0,2,18-22,APL Number of Payment
Endowment,94,5,0.05319148936170212766,0,1,1.0,1.0,2,18-22,APL Number of Payment
Female Disease,531,0,0E-20,0,0,,,2,18-22,APL Number of Payment
Joint life(Flexible),16,1,0.06250000000000000000,0,1,1.0,1.0,2,18-22,APL Number of Payment
Juvenile,78,11,0.14102564102564102564,0,4,1.5,1.0,2,18-22,APL Number of Payment
Medical,5916,10,0.00169033130493576741,0,1,1.0,1.0,2,18-22,APL Number of Payment
M.I.P,19,0,0E-20,0,0,,,2,18-22,APL Number of Payment
Nursing care,6,0,0E-20,0,0,,,2,18-22,APL Number of Payment
Term life,258,0,0E-20,0,0,,,2,18-22,APL Number of Payment
VL Endowment,2,0,0E-20,0,0,,,2,18-22,APL Number of Payment
VL Whole life,28,0,0E-20,0,0,,,2,18-22,APL Number of Payment
Whole life,1346,43,0.03194650817236255572,0,3,1.0,1.0,2,18-22,APL Number of Payment
Annuity(Annuity Certain ),1007,105,0.10427010923535253227,0,3,1.0,1.0,1,23-30,APL Number of Payment
Annuity(Whole Life Annuity With Guaranteed Installment ),28,5,0.17857142857142857143,0,2,1.0,1.0,1,23-30,APL Number of Payment
Cancer,29783,0,0E-24,0,0,,,1,23-30,APL Number of Payment
Dread Disease T.L.,294,0,0E-20,0,0,,,1,23-30,APL Number of Payment
Dread Disease W.L.,2966,281,0.09474039109912339852,0,5,1.0,1.0,1,23-30,APL Number of Payment
Endowment,601,30,0.04991680532445923461,0,2,1.0,1.0,1,23-30,APL Number of Payment
Female Disease,271,0,0E-20,0,0,,,1,23-30,APL Number of Payment
Inc. Dec. Term Life,5,0,0E-20,0,0,,,1,23-30,APL Number of Payment
Injury,6,0,0E-20,0,0,,,1,23-30,APL Number of Payment
J.M.I.P,7,0,0E-20,0,0,,,1,23-30,APL Number of Payment
Joint life,79,1,0.01265822784810126582,0,1,1.0,1.0,1,23-30,APL Number of Payment
Joint life(Flexible),241,17,0.07053941908713692946,0,2,1.0,1.0,1,23-30,APL Number of Payment
Juvenile,2353,269,0.11432214194645133872,0,8,1.0,1.0,1,23-30,APL Number of Payment
Maternity Insurance(or New Pregnant Woman Insurance),2,0,0E-20,0,0,,,1,23-30,APL Number of Payment
Medical,64440,66,0.00102420856610800745,0,3,1.0,1.0,1,23-30,APL Number of Payment
M.I.P,7547,0,0E-20,0,0,,,1,23-30,APL Number of Payment
Nursing care,35,0,0E-20,0,0,,,1,23-30,APL Number of Payment
Term life,6178,30,0.00485594043379734542,0,3,1.0,1.0,1,23-30,APL Number of Payment
VL Endowment,29,0,0E-20,0,0,,,1,23-30,APL Number of Payment
VL Whole life,994,0,0E-20,0,0,,,1,23-30,APL Number of Payment
Whole life,23088,1695,0.07341476091476091476,0,19,1.0,1.0,1,23-30,APL Number of Payment
Annuity(Annuity Certain ),844,65,0.07701421800947867299,0,3,1.0,1.0,2,23-30,APL Number of Payment
Annuity(Whole Life Annuity With Guaranteed Installment ),19,4,0.21052631578947368421,0,2,1.0,1.0,2,23-30,APL Number of Payment
Cancer,14690,0,0E-24,0,0,,,2,23-30,APL Number of Payment
Dread Disease T.L.,172,0,0E-20,0,0,,,2,23-30,APL Number of Payment
Dread Disease W.L.,1896,116,0.06118143459915611814,0,4,1.0,1.0,2,23-30,APL Number of Payment
Endowment,650,39,0.06000000000000000000,0,4,1.0,1.0,2,23-30,APL Number of Payment
Female Disease,7767,0,0E-20,0,0,,,2,23-30,APL Number of Payment
Inc. Dec. Term Life,2,0,0E-20,0,0,,,2,23-30,APL Number of Payment
Injury,1,0,0E-20,0,0,,,2,23-30,APL Number of Payment
J.M.I.P,2,0,0E-20,0,0,,,2,23-30,APL Number of Payment
Joint life,7,0,0E-20,0,0,,,2,23-30,APL Number of Payment
Joint life(Flexible),56,2,0.03571428571428571429,0,1,1.0,1.0,2,23-30,APL Number of Payment
Juvenile,1366,258,0.18887262079062957540,0,5,1.0,1.0,2,23-30,APL Number of Payment
Maternity Insurance(or New Pregnant Woman Insurance),3,0,0E-20,0,0,,,2,23-30,APL Number of Payment
Medical,69129,38,0.00054969694339568054,0,4,1.0,1.0,2,23-30,APL Number of Payment
M.I.P,1230,0,0E-20,0,0,,,2,23-30,APL Number of Payment
Nursing care,22,0,0E-20,0,0,,,2,23-30,APL Number of Payment
Term life,2115,5,0.00236406619385342790,0,1,1.0,1.0,2,23-30,APL Number of Payment
VL Endowment,24,0,0E-20,0,0,,,2,23-30,APL Number of Payment
VL Whole life,462,0,0E-20,0,0,,,2,23-30,APL Number of Payment
Whole life,12018,704,0.05857879846896322183,0,8,1.0,1.0,2,23-30,APL Number of Payment
Annuity(Annuity Certain ),2146,281,0.13094128611369990680,0,9,1.0,1.0,1,31-40,APL Number of Payment
Annuity(Whole Life Annuity With Guaranteed Installment ),66,6,0.09090909090909090909,0,1,1.0,1.0,1,31-40,APL Number of Payment
Cancer,50980,0,0E-24,0,0,,,1,31-40,APL Number of Payment
Dread Disease T.L.,1015,0,0E-20,0,0,,,1,31-40,APL Number of Payment
Dread Disease W.L.,6019,721,0.11978734008971589965,0,8,1.0,1.0,1,31-40,APL Number of Payment
Endowment,1376,93,0.06758720930232558140,0,8,1.0,1.0,1,31-40,APL Number of Payment
Female Disease,1212,0,0E-20,0,0,,,1,31-40,APL Number of Payment
Inc. Dec. Term Life,27,2,0.07407407407407407407,0,1,1.0,1.0,1,31-40,APL Number of Payment
Injury,132,1,0.00757575757575757576,0,1,1.0,1.0,1,31-40,APL Number of Payment
J.M.I.P,47,6,0.12765957446808510638,0,1,1.0,1.0,1,31-40,APL Number of Payment
Joint life,249,10,0.04016064257028112450,0,2,1.0,1.0,1,31-40,APL Number of Payment
Joint life(Flexible),669,54,0.08071748878923766816,0,3,1.0,1.0,1,31-40,APL Number of Payment
Juvenile,7973,1394,0.17484008528784648188,0,23,1.0,1.0,1,31-40,APL Number of Payment
Medical,140116,204,0.00145593650974906506,0,3,1.0,1.0,1,31-40,APL Number of Payment
M.I.P,27279,0,0E-24,0,0,,,1,31-40,APL Number of Payment
Nursing care,121,0,0E-20,0,0,,,1,31-40,APL Number of Payment
Term life,21829,192,0.00879563882908058088,0,6,1.0,1.0,1,31-40,APL Number of Payment
VL Endowment,182,0,0E-20,0,0,,,1,31-40,APL Number of Payment
VL Whole life,2952,0,0E-20,0,0,,,1,31-40,APL Number of Payment
Whole life,46260,5014,0.10838737570255079983,0,14,1.0,1.0,1,31-40,APL Number of Payment
Annuity(Annuity Certain ),1608,170,0.10572139303482587065,0,8,1.0,1.0,2,31-40,APL Number of Payment
Annuity(Whole Life Annuity With Guaranteed Installment ),36,26,0.72222222222222222222,0,22,1.5,1.0,2,31-40,APL Number of Payment
Cancer,21314,0,0E-24,0,0,,,2,31-40,APL Number of Payment
Dread Disease T.L.,476,0,0E-20,0,0,,,2,31-40,APL Number of Payment
Dread Disease W.L.,3258,273,0.08379373848987108656,0,3,1.0,1.0,2,31-40,APL Number of Payment
Endowment,1044,72,0.06896551724137931034,0,3,1.0,1.0,2,31-40,APL Number of Payment
Female Disease,12962,0,0E-24,0,0,,,2,31-40,APL Number of Payment
Inc. Dec. Term Life,9,0,0E-20,0,0,,,2,31-40,APL Number of Payment
Injury,9,0,0E-20,0,0,,,2,31-40,APL Number of Payment
J.M.I.P,18,2,0.11111111111111111111,0,2,2.0,2.0,2,31-40,APL Number of Payment
Joint life,20,0,0E-20,0,0,,,2,31-40,APL Number of Payment
Joint life(Flexible),176,12,0.06818181818181818182,0,2,1.0,1.0,2,31-40,APL Number of Payment
Juvenile,3906,1008,0.25806451612903225806,0,21,1.0,1.0,2,31-40,APL Number of Payment
Maternity Insurance(or New Pregnant Woman Insurance),3,0,0E-20,0,0,,,2,31-40,APL Number of Payment
Medical,134988,84,0.00062227753578095831,0,2,1.0,1.0,2,31-40,APL Number of Payment
Medical（Coins） ,1,0,0E-20,0,0,,,2,31-40,APL Number of Payment
M.I.P,4217,0,0E-20,0,0,,,2,31-40,APL Number of Payment
Nursing care,23,0,0E-20,0,0,,,2,31-40,APL Number of Payment
Term life,4765,46,0.00965372507869884575,0,3,1.0,1.0,2,31-40,APL Number of Payment
VL Endowment,38,0,0E-20,0,0,,,2,31-40,APL Number of Payment
VL Whole life,1024,0,0E-20,0,0,,,2,31-40,APL Number of Payment
Whole life,20319,1806,0.08888232688616565776,0,8,1.0,1.0,2,31-40,APL Number of Payment
Annuity(Annuity Certain ),1773,229,0.12915961646926113931,0,5,1.0,1.0,1,41-50,APL Number of Payment
Annuity(Whole Life Annuity With Guaranteed Installment ),42,8,0.19047619047619047619,0,2,1.0,1.0,1,41-50,APL Number of Payment
Cancer,45244,0,0E-24,0,0,,,1,41-50,APL Number of Payment
Dread Disease T.L.,1034,0,0E-20,0,0,,,1,41-50,APL Number of Payment
Dread Disease W.L.,3653,487,0.13331508349301943608,0,15,1.0,1.0,1,41-50,APL Number of Payment
Endowment,2027,103,0.05081401085347804637,0,3,1.0,1.0,1,41-50,APL Number of Payment
Female Disease,1272,0,0E-20,0,0,,,1,41-50,APL Number of Payment
Inc. Dec. Term Life,58,4,0.06896551724137931034,0,1,1.0,1.0,1,41-50,APL Number of Payment
Injury,204,0,0E-20,0,0,,,1,41-50,APL Number of Payment
J.M.I.P,76,6,0.07894736842105263158,0,2,1.0,1.0,1,41-50,APL Number of Payment
Joint life,265,59,0.22264150943396226415,0,8,1.0,1.0,1,41-50,APL Number of Payment
Joint life(Flexible),630,54,0.08571428571428571429,0,2,1.0,1.0,1,41-50,APL Number of Payment
Juvenile,4162,1093,0.26261412782316194137,0,12,1.0,1.0,1,41-50,APL Number of Payment
Medical,109120,185,0.00169538123167155425,0,4,1.0,1.0,1,41-50,APL Number of Payment
Medical（Coins） ,2,0,0E-20,0,0,,,1,41-50,APL Number of Payment
M.I.P,17206,0,0E-24,0,0,,,1,41-50,APL Number of Payment
Nursing care,132,0,0E-20,0,0,,,1,41-50,APL Number of Payment
Term life,21961,417,0.01898820636583033559,0,36,1.0,1.0,1,41-50,APL Number of Payment
VL Endowment,97,0,0E-20,0,0,,,1,41-50,APL Number of Payment
VL Whole life,2136,0,0E-20,0,0,,,1,41-50,APL Number of Payment
Whole life,33557,4880,0.14542420359388503144,0,27,1.0,1.0,1,41-50,APL Number of Payment
Annuity(Annuity Certain ),1438,165,0.11474269819193324061,0,6,1.0,1.0,2,41-50,APL Number of Payment
Annuity(Whole Life Annuity With Guaranteed Installment ),40,3,0.07500000000000000000,0,1,1.0,1.0,2,41-50,APL Number of Payment
Cancer,18074,0,0E-24,0,0,,,2,41-50,APL Number of Payment
Dread Disease T.L.,442,0,0E-20,0,0,,,2,41-50,APL Number of Payment
Dread Disease W.L.,2120,257,0.12122641509433962264,0,6,1.0,1.0,2,41-50,APL Number of Payment
Endowment,1202,100,0.08319467554076539101,0,10,1.0,1.0,2,41-50,APL Number of Payment
Female Disease,7315,0,0E-20,0,0,,,2,41-50,APL Number of Payment
Inc. Dec. Term Life,10,0,0E-20,0,0,,,2,41-50,APL Number of Payment
Injury,22,2,0.09090909090909090909,0,1,1.0,1.0,2,41-50,APL Number of Payment
J.M.I.P,37,0,0E-20,0,0,,,2,41-50,APL Number of Payment
Joint life,47,6,0.12765957446808510638,0,3,1.0,1.0,2,41-50,APL Number of Payment
Joint life(Flexible),213,15,0.07042253521126760563,0,2,1.0,1.0,2,41-50,APL Number of Payment
Juvenile,1480,501,0.33851351351351351351,0,18,1.0,1.0,2,41-50,APL Number of Payment
Medical,94055,103,0.00109510392855244272,0,2,1.0,1.0,2,41-50,APL Number of Payment
Medical（Coins） ,2,0,0E-20,0,0,,,2,41-50,APL Number of Payment
M.I.P,2711,0,0E-20,0,0,,,2,41-50,APL Number of Payment
Nursing care,60,0,0E-20,0,0,,,2,41-50,APL Number of Payment
Term life,5502,84,0.01526717557251908397,0,5,1.0,1.0,2,41-50,APL Number of Payment
VL Endowment,43,0,0E-20,0,0,,,2,41-50,APL Number of Payment
VL Whole life,743,0,0E-20,0,0,,,2,41-50,APL Number of Payment
Whole life,17116,2004,0.11708343070810937135,0,11,1.0,1.0,2,41-50,APL Number of Payment
Annuity(Annuity Certain ),1128,132,0.11702127659574468085,0,5,1.0,1.0,1,51-60,APL Number of Payment
Annuity(Whole Life Annuity With Guaranteed Installment ),28,7,0.25000000000000000000,0,6,3.5,1.0,1,51-60,APL Number of Payment
Cancer,41764,0,0E-24,0,0,,,1,51-60,APL Number of Payment
Dread Disease T.L.,632,0,0E-20,0,0,,,1,51-60,APL Number of Payment
Dread Disease W.L.,2459,331,0.13460756405042700285,0,6,1.0,1.0,1,51-60,APL Number of Payment
Endowment,2027,80,0.03946719289590527874,0,3,1.0,1.0,1,51-60,APL Number of Payment
Female Disease,1312,0,0E-20,0,0,,,1,51-60,APL Number of Payment
Inc. Dec. Term Life,123,2,0.01626016260162601626,0,1,1.0,1.0,1,51-60,APL Number of Payment
Injury,351,1,0.00284900284900284900,0,1,1.0,1.0,1,51-60,APL Number of Payment
J.M.I.P,47,4,0.08510638297872340426,0,1,1.0,1.0,1,51-60,APL Number of Payment
Joint life,146,21,0.14383561643835616438,0,2,1.0,1.0,1,51-60,APL Number of Payment
Joint life(Flexible),474,47,0.09915611814345991561,0,4,1.0,1.0,1,51-60,APL Number of Payment
Juvenile,821,303,0.36906211936662606577,0,7,1.0,1.0,1,51-60,APL Number of Payment
Medical,78885,117,0.00148317170564746149,0,4,1.0,1.0,1,51-60,APL Number of Payment
Medical（Coins） ,2,0,0E-20,0,0,,,1,51-60,APL Number of Payment
M.I.P,6731,0,0E-20,0,0,,,1,51-60,APL Number of Payment
Nursing care,85,0,0E-20,0,0,,,1,51-60,APL Number of Payment
Term life,19050,455,0.02388451443569553806,0,6,1.0,1.0,1,51-60,APL Number of Payment
VL Endowment,98,0,0E-20,0,0,,,1,51-60,APL Number of Payment
VL Whole life,1064,0,0E-20,0,0,,,1,51-60,APL Number of Payment
Whole life,20922,3321,0.15873243475767135073,0,30,1.0,1.0,1,51-60,APL Number of Payment
Annuity(Annuity Certain ),1055,128,0.12132701421800947867,0,13,1.0,1.0,2,51-60,APL Number of Payment
Annuity(Whole Life Annuity With Guaranteed Installment ),24,2,0.08333333333333333333,0,1,1.0,1.0,2,51-60,APL Number of Payment
Cancer,18626,0,0E-24,0,0,,,2,51-60,APL Number of Payment
Dread Disease T.L.,376,0,0E-20,0,0,,,2,51-60,APL Number of Payment
Dread Disease W.L.,1736,198,0.11405529953917050691,0,4,1.0,1.0,2,51-60,APL Number of Payment
Endowment,878,61,0.06947608200455580866,0,5,1.0,1.0,2,51-60,APL Number of Payment
Female Disease,3944,0,0E-20,0,0,,,2,51-60,APL Number of Payment
Inc. Dec. Term Life,24,0,0E-20,0,0,,,2,51-60,APL Number of Payment
Injury,15,2,0.13333333333333333333,0,2,2.0,2.0,2,51-60,APL Number of Payment
J.M.I.P,40,5,0.12500000000000000000,0,1,1.0,1.0,2,51-60,APL Number of Payment
Joint life,17,1,0.05882352941176470588,0,1,1.0,1.0,2,51-60,APL Number of Payment
Joint life(Flexible),268,27,0.10074626865671641791,0,3,2.0,1.0,2,51-60,APL Number of Payment
Juvenile,458,99,0.21615720524017467249,0,14,1.0,1.0,2,51-60,APL Number of Payment
Medical,67016,85,0.00126835382595201146,0,3,1.0,1.0,2,51-60,APL Number of Payment
Medical（Coins） ,4,0,0E-20,0,0,,,2,51-60,APL Number of Payment
M.I.P,1062,0,0E-20,0,0,,,2,51-60,APL Number of Payment
Nursing care,68,0,0E-20,0,0,,,2,51-60,APL Number of Payment
Term life,5360,104,0.01940298507462686567,0,13,1.0,1.0,2,51-60,APL Number of Payment
VL Endowment,41,0,0E-20,0,0,,,2,51-60,APL Number of Payment
VL Whole life,607,0,0E-20,0,0,,,2,51-60,APL Number of Payment
Whole life,14287,1720,0.12038916497515223630,0,16,1.0,1.0,2,51-60,APL Number of Payment
Annuity(Annuity Certain ),182,40,0.21978021978021978022,0,15,1.0,1.0,1,61-64,APL Number of Payment
Annuity(Whole Life Annuity With Guaranteed Installment ),7,0,0E-20,0,0,,,1,61-64,APL Number of Payment
Cancer,9918,0,0E-20,0,0,,,1,61-64,APL Number of Payment
Dread Disease T.L.,126,0,0E-20,0,0,,,1,61-64,APL Number of Payment
Dread Disease W.L.,463,79,0.17062634989200863931,0,17,1.0,1.0,1,61-64,APL Number of Payment
Endowment,574,45,0.07839721254355400697,0,6,1.0,1.0,1,61-64,APL Number of Payment
Female Disease,246,0,0E-20,0,0,,,1,61-64,APL Number of Payment
Inc. Dec. Term Life,55,1,0.01818181818181818182,0,1,1.0,1.0,1,61-64,APL Number of Payment
Injury,88,3,0.03409090909090909091,0,1,1.0,1.0,1,61-64,APL Number of Payment
J.M.I.P,7,1,0.14285714285714285714,0,1,1.0,1.0,1,61-64,APL Number of Payment
Joint life,24,4,0.16666666666666666667,0,1,1.0,1.0,1,61-64,APL Number of Payment
Joint life(Flexible),128,13,0.10156250000000000000,0,3,1.0,1.0,1,61-64,APL Number of Payment
Juvenile,105,21,0.20000000000000000000,0,3,2.0,1.0,1,61-64,APL Number of Payment
Medical,21287,16,0.00075163245173110349,0,2,1.0,1.0,1,61-64,APL Number of Payment
Medical（Coins） ,2,0,0E-20,0,0,,,1,61-64,APL Number of Payment
M.I.P,903,0,0E-20,0,0,,,1,61-64,APL Number of Payment
Nursing care,18,0,0E-20,0,0,,,1,61-64,APL Number of Payment
Term life,4783,163,0.03407902989755383650,0,8,1.0,1.0,1,61-64,APL Number of Payment
VL Endowment,24,0,0E-20,0,0,,,1,61-64,APL Number of Payment
VL Whole life,212,0,0E-20,0,0,,,1,61-64,APL Number of Payment
Whole life,5003,877,0.17529482310613631821,0,24,1.0,1.0,1,61-64,APL Number of Payment
Annuity(Annuity Certain ),169,28,0.16568047337278106509,0,4,1.0,1.0,2,61-64,APL Number of Payment
Annuity(Whole Life Annuity With Guaranteed Installment ),4,0,0E-20,0,0,,,2,61-64,APL Number of Payment
Cancer,5174,0,0E-20,0,0,,,2,61-64,APL Number of Payment
Dread Disease T.L.,107,0,0E-20,0,0,,,2,61-64,APL Number of Payment
Dread Disease W.L.,369,38,0.10298102981029810298,0,2,1.0,1.0,2,61-64,APL Number of Payment
Endowment,267,17,0.06367041198501872659,0,3,1.0,1.0,2,61-64,APL Number of Payment
Female Disease,780,0,0E-20,0,0,,,2,61-64,APL Number of Payment
Inc. Dec. Term Life,11,0,0E-20,0,0,,,2,61-64,APL Number of Payment
Injury,2,0,0E-20,0,0,,,2,61-64,APL Number of Payment
J.M.I.P,12,0,0E-20,0,0,,,2,61-64,APL Number of Payment
Joint life,2,0,0E-20,0,0,,,2,61-64,APL Number of Payment
Joint life(Flexible),109,14,0.12844036697247706422,0,2,2.0,2.0,2,61-64,APL Number of Payment
Juvenile,180,24,0.13333333333333333333,0,2,1.0,1.0,2,61-64,APL Number of Payment
Medical,20427,24,0.00117491555294463210,0,3,1.0,1.0,2,61-64,APL Number of Payment
Medical（Coins） ,1,0,0E-20,0,0,,,2,61-64,APL Number of Payment
M.I.P,190,0,0E-20,0,0,,,2,61-64,APL Number of Payment
Nursing care,23,0,0E-20,0,0,,,2,61-64,APL Number of Payment
Term life,1603,59,0.03680598877105427324,0,4,1.0,1.0,2,61-64,APL Number of Payment
VL Endowment,10,0,0E-20,0,0,,,2,61-64,APL Number of Payment
VL Whole life,169,0,0E-20,0,0,,,2,61-64,APL Number of Payment
Whole life,4113,464,0.11281303185023097496,0,10,1.0,1.0,2,61-64,APL Number of Payment
Annuity(Annuity Certain ),146,32,0.21917808219178082192,0,3,1.0,1.0,1,greater than 64,APL Number of Payment
Annuity(Whole Life Annuity With Guaranteed Installment ),5,1,0.20000000000000000000,0,1,1.0,1.0,1,greater than 64,APL Number of Payment
Cancer,12541,0,0E-24,0,0,,,1,greater than 64,APL Number of Payment
Dread Disease T.L.,97,0,0E-20,0,0,,,1,greater than 64,APL Number of Payment
Dread Disease W.L.,441,86,0.19501133786848072562,0,16,1.0,1.0,1,greater than 64,APL Number of Payment
Endowment,961,59,0.06139438085327783559,0,4,1.0,1.0,1,greater than 64,APL Number of Payment
Female Disease,283,0,0E-20,0,0,,,1,greater than 64,APL Number of Payment
Inc. Dec. Term Life,108,0,0E-20,0,0,,,1,greater than 64,APL Number of Payment
Injury,142,8,0.05633802816901408451,0,2,2.0,2.0,1,greater than 64,APL Number of Payment
J.M.I.P,15,0,0E-20,0,0,,,1,greater than 64,APL Number of Payment
Joint life,48,7,0.14583333333333333333,0,1,1.0,1.0,1,greater than 64,APL Number of Payment
Joint life(Flexible),312,28,0.08974358974358974359,0,3,1.0,1.0,1,greater than 64,APL Number of Payment
Juvenile,103,32,0.31067961165048543689,0,6,1.0,1.0,1,greater than 64,APL Number of Payment
Medical,28818,30,0.00104101603164688736,0,2,1.0,1.0,1,greater than 64,APL Number of Payment
Medical（Coins） ,2,0,0E-20,0,0,,,1,greater than 64,APL Number of Payment
M.I.P,511,0,0E-20,0,0,,,1,greater than 64,APL Number of Payment
Nursing care,33,0,0E-20,0,0,,,1,greater than 64,APL Number of Payment
Term life,6395,194,0.03033620015637216575,0,12,1.0,1.0,1,greater than 64,APL Number of Payment
VL Endowment,109,0,0E-20,0,0,,,1,greater than 64,APL Number of Payment
VL Whole life,333,0,0E-20,0,0,,,1,greater than 64,APL Number of Payment
Whole life,7287,1206,0.16550020584602717168,0,19,1.0,1.0,1,greater than 64,APL Number of Payment
Annuity(Annuity Certain ),140,14,0.10000000000000000000,0,2,1.0,1.0,2,greater than 64,APL Number of Payment
Annuity(Whole Life Annuity With Guaranteed Installment ),5,0,0E-20,0,0,,,2,greater than 64,APL Number of Payment
Cancer,8359,0,0E-20,0,0,,,2,greater than 64,APL Number of Payment
Dread Disease T.L.,79,0,0E-20,0,0,,,2,greater than 64,APL Number of Payment
Dread Disease W.L.,430,72,0.16744186046511627907,0,17,1.0,1.0,2,greater than 64,APL Number of Payment
Endowment,467,20,0.04282655246252676660,0,2,1.0,1.0,2,greater than 64,APL Number of Payment
Female Disease,935,0,0E-20,0,0,,,2,greater than 64,APL Number of Payment
Inc. Dec. Term Life,11,0,0E-20,0,0,,,2,greater than 64,APL Number of Payment
Injury,12,0,0E-20,0,0,,,2,greater than 64,APL Number of Payment
J.M.I.P,9,0,0E-20,0,0,,,2,greater than 64,APL Number of Payment
Joint life,12,4,0.33333333333333333333,0,1,1.0,1.0,2,greater than 64,APL Number of Payment
Joint life(Flexible),320,17,0.05312500000000000000,0,2,1.0,1.0,2,greater than 64,APL Number of Payment
Juvenile,202,23,0.11386138613861386139,0,4,1.0,1.0,2,greater than 64,APL Number of Payment
Medical,35154,36,0.00102406554019457245,0,3,1.0,1.0,2,greater than 64,APL Number of Payment
M.I.P,165,0,0E-20,0,0,,,2,greater than 64,APL Number of Payment
Nursing care,28,0,0E-20,0,0,,,2,greater than 64,APL Number of Payment
Term life,2897,114,0.03935105281325509147,0,4,1.0,1.0,2,greater than 64,APL Number of Payment
VL Endowment,16,0,0E-20,0,0,,,2,greater than 64,APL Number of Payment
VL Whole life,348,0,0E-20,0,0,,,2,greater than 64,APL Number of Payment
Whole life,8130,941,0.11574415744157441574,0,19,1.0,1.0,2,greater than 64,APL Number of Payment
